store_id,item_id,candidate_model,backtest_mae,backtest_rmse,backtest_bias,backtest_wape_percent,model_priority
CA_1,FOODS_3_001,zero_forecast,0.5892857142857143,0.9819805060619657,-0.5892857142857143,100.0,0
CA_1,FOODS_3_001,mean_28_days,0.6900510204081632,0.7905694150420949,0.03571428571428572,117.09956709956708,4
CA_1,FOODS_3_001,mean_7_days,0.7142857142857143,0.8689660757568884,0.05357142857142859,121.21212121212122,3
CA_1,FOODS_3_001,last_value_naive,0.75,0.9728456051340169,-0.08928571428571429,127.27272727272727,1
CA_1,FOODS_3_001,weekly_seasonal_naive,0.8928571428571429,1.224744871391589,0.05357142857142857,151.5151515151515,2
CA_1,FOODS_3_002,last_value_naive,1.5446428571428572,2.1567998781263213,0.3482142857142857,81.2206572769953,1
CA_1,FOODS_3_002,mean_7_days,1.7538265306122445,2.2859932865436083,0.5982142857142856,92.21998658618375,3
CA_1,FOODS_3_002,zero_forecast,1.9017857142857142,3.0574849608320704,-1.9017857142857142,100.0,0
CA_1,FOODS_3_002,mean_28_days,2.095663265306122,2.5393585482823595,0.9553571428571429,110.1945003353454,4
CA_1,FOODS_3_002,weekly_seasonal_naive,2.2410714285714284,3.1608656138107847,0.5982142857142857,117.84037558685445,2
CA_1,FOODS_3_003,zero_forecast,0.3125,0.7849021777084254,-0.3125,100.0,0
CA_1,FOODS_3_003,last_value_naive,0.3125,0.7849021777084254,-0.3125,100.0,1
CA_1,FOODS_3_003,mean_28_days,0.3239795918367347,0.724040533311189,-0.15178571428571427,103.6734693877551,4
CA_1,FOODS_3_003,mean_7_days,0.3278061224489796,0.7345344214715405,-0.09821428571428571,104.89795918367346,3
CA_1,FOODS_3_003,weekly_seasonal_naive,0.41964285714285715,0.9112393444409339,-0.09821428571428571,134.28571428571428,2
CA_1,FOODS_3_004,zero_forecast,0.9642857142857143,1.6690459207925603,-0.9642857142857143,100.0,0
CA_1,FOODS_3_004,last_value_naive,1.0178571428571428,1.5754817857223413,-0.4642857142857143,105.55555555555556,1
CA_1,FOODS_3_004,mean_7_days,1.0357142857142858,1.446318337951185,-0.32142857142857156,107.40740740740742,3
CA_1,FOODS_3_004,weekly_seasonal_naive,1.0535714285714286,1.5059406173077154,-0.32142857142857145,109.25925925925925,2
CA_1,FOODS_3_004,mean_28_days,1.0797193877551021,1.4170292653207663,-0.04464285714285714,111.97089947089948,4
CA_1,FOODS_3_005,last_value_naive,0.5892857142857143,0.8964214570007952,-0.08928571428571429,100.0,1
CA_1,FOODS_3_005,zero_forecast,0.5892857142857143,0.9819805060619657,-0.5892857142857143,100.0,0
CA_1,FOODS_3_005,mean_7_days,0.6479591836734695,0.8033729913715709,-0.0892857142857143,109.95670995670999,3
CA_1,FOODS_3_005,weekly_seasonal_naive,0.6607142857142857,0.944911182523068,-0.08928571428571429,112.12121212121211,2
CA_1,FOODS_3_005,mean_28_days,0.7028061224489796,0.8301170927978186,0.026785714285714256,119.26406926406925,4
CA_1,FOODS_3_006,zero_forecast,0.6160714285714286,0.958980113006968,-0.6160714285714286,100.0,0
CA_1,FOODS_3_006,mean_7_days,0.639030612244898,0.7634842259439982,-0.15178571428571425,103.72670807453417,3
CA_1,FOODS_3_006,mean_28_days,0.6415816326530612,0.7371345514482248,0.008928571428571425,104.14078674948242,4
CA_1,FOODS_3_006,weekly_seasonal_naive,0.7232142857142857,1.0564428184106458,-0.15178571428571427,117.3913043478261,2
CA_1,FOODS_3_006,last_value_naive,1.0267857142857142,1.45467227531545,0.38392857142857145,166.66666666666669,1
CA_1,FOODS_3_007,mean_7_days,3.0714285714285716,5.4111562761481915,-1.3928571428571428,98.85057471264368,3
CA_1,FOODS_3_007,zero_forecast,3.107142857142857,6.144102863722254,-3.107142857142857,100.0,0
CA_1,FOODS_3_007,weekly_seasonal_naive,3.1964285714285716,5.693040864574423,-1.3928571428571428,102.87356321839081,2
CA_1,FOODS_3_007,last_value_naive,3.357142857142857,5.881265655816417,-2.357142857142857,108.04597701149426,1
CA_1,FOODS_3_007,mean_28_days,3.947704081632652,5.627607105572837,-0.13392857142857098,127.0525451559934,4
CA_1,FOODS_3_008,zero_forecast,0.9910714285714286,4.532619866825681,-0.9910714285714286,100.0,0
CA_1,FOODS_3_008,last_value_naive,1.1339285714285714,4.192893647930644,-0.49107142857142855,114.41441441441442,1
CA_1,FOODS_3_008,mean_7_days,1.1339285714285714,4.192893647930644,-0.49107142857142855,114.41441441441442,3
CA_1,FOODS_3_008,weekly_seasonal_naive,1.3125,4.763139720814412,-0.49107142857142855,132.43243243243242,2
CA_1,FOODS_3_008,mean_28_days,2.1505102040816326,4.603299892246777,0.5892857142857143,216.988416988417,4
CA_1,FOODS_3_009,zero_forecast,0.6339285714285714,1.105990183371573,-0.6339285714285714,100.0,0
CA_1,FOODS_3_009,mean_28_days,0.7512755102040816,0.9086110166577537,0.03571428571428571,118.51106639839033,4
CA_1,FOODS_3_009,last_value_naive,0.8125,1.1611263005006327,0.11607142857142858,128.16901408450704,1
CA_1,FOODS_3_009,mean_7_days,0.8227040816326531,0.9669275979057774,0.33035714285714285,129.77867203219316,3
CA_1,FOODS_3_009,weekly_seasonal_naive,0.8839285714285714,1.2642050014591328,0.33035714285714285,139.43661971830986,2
CA_1,FOODS_3_010,zero_forecast,0.5714285714285714,0.9728456051340169,-0.5714285714285714,100.0,0
CA_1,FOODS_3_010,last_value_naive,0.5714285714285714,0.9728456051340169,-0.5714285714285714,100.0,1
CA_1,FOODS_3_010,mean_7_days,0.6173469387755102,0.8065421279025868,-0.21428571428571427,108.03571428571428,3
CA_1,FOODS_3_010,mean_28_days,0.6702806122448981,0.8112726208286106,-0.125,117.29910714285717,4
CA_1,FOODS_3_010,weekly_seasonal_naive,0.6964285714285714,1.026436275942851,-0.21428571428571427,121.875,2
CA_1,FOODS_3_011,mean_28_days,1.5306122448979593,1.9470018814912873,-0.33035714285714296,54.07841369986481,4
CA_1,FOODS_3_011,mean_7_days,1.5446428571428572,1.9688259217625315,-0.5089285714285714,54.57413249211357,3
CA_1,FOODS_3_011,weekly_seasonal_naive,2.1517857142857144,2.80465174818041,-0.5089285714285714,76.02523659305994,2
CA_1,FOODS_3_011,last_value_naive,2.330357142857143,2.9805919833866175,-0.5803571428571429,82.33438485804416,1
CA_1,FOODS_3_011,zero_forecast,2.830357142857143,3.418698582794336,-2.830357142857143,100.0,0
CA_1,FOODS_3_012,last_value_naive,0.5892857142857143,1.5754817857223413,-0.44642857142857145,84.61538461538461,1
CA_1,FOODS_3_012,mean_7_days,0.6352040816326531,1.6789513247918797,-0.5535714285714286,91.20879120879121,3
CA_1,FOODS_3_012,mean_28_days,0.6505102040816327,1.7180019244008133,-0.5892857142857143,93.4065934065934,4
CA_1,FOODS_3_012,weekly_seasonal_naive,0.6785714285714286,1.7828548534783835,-0.5535714285714286,97.43589743589743,2
CA_1,FOODS_3_012,zero_forecast,0.6964285714285714,1.8468119248354136,-0.6964285714285714,100.0,0
CA_1,FOODS_3_013,zero_forecast,0.6339285714285714,1.844393047667908,-0.6339285714285714,100.0,0
CA_1,FOODS_3_013,weekly_seasonal_naive,1.0089285714285714,2.0066852554114494,-0.20535714285714285,159.1549295774648,2
CA_1,FOODS_3_013,mean_7_days,1.0140306122448979,1.98045294757311,-0.20535714285714285,159.95975855130783,3
CA_1,FOODS_3_013,last_value_naive,1.0803571428571428,2.037593117942273,-0.13392857142857142,170.4225352112676,1
CA_1,FOODS_3_013,mean_28_days,1.093112244897959,1.9978464170507324,-0.12499999999999997,172.43460764587525,4
CA_1,FOODS_3_014,zero_forecast,0.13392857142857142,0.5428101483418094,-0.13392857142857142,100.0,0
CA_1,FOODS_3_014,last_value_naive,0.13392857142857142,0.5428101483418094,-0.13392857142857142,100.0,1
CA_1,FOODS_3_014,weekly_seasonal_naive,0.13392857142857142,0.5428101483418094,-0.13392857142857142,100.0,2
CA_1,FOODS_3_014,mean_7_days,0.13392857142857142,0.5428101483418094,-0.13392857142857142,100.0,3
CA_1,FOODS_3_014,mean_28_days,0.22831632653061223,0.5612940587679182,-0.02678571428571427,170.47619047619048,4
CA_1,FOODS_3_015,zero_forecast,0.9553571428571429,1.6174274106034645,-0.9553571428571429,100.0,0
CA_1,FOODS_3_015,last_value_naive,1.7232142857142858,2.0852372252849998,0.29464285714285715,180.37383177570095,1
CA_1,FOODS_3_015,mean_7_days,1.7359693877551023,2.107142857142857,0.8303571428571429,181.70894526034718,3
CA_1,FOODS_3_015,weekly_seasonal_naive,1.8482142857142858,2.526643736546285,0.8303571428571429,193.45794392523365,2
CA_1,FOODS_3_015,mean_28_days,2.5114795918367347,3.508553687716897,1.5267857142857142,262.8838451268358,4
CA_1,FOODS_3_016,mean_28_days,1.6913265306122451,2.179229994137135,-0.4464285714285713,68.88311688311688,4
CA_1,FOODS_3_016,mean_7_days,1.7946428571428572,2.306545698923932,-0.16964285714285715,73.0909090909091,3
CA_1,FOODS_3_016,weekly_seasonal_naive,2.205357142857143,2.845736158837338,-0.16964285714285715,89.81818181818181,2
CA_1,FOODS_3_016,zero_forecast,2.455357142857143,3.247251585132088,-2.455357142857143,100.0,0
CA_1,FOODS_3_016,last_value_naive,2.6517857142857144,3.3152784843164276,1.7946428571428572,108.0,1
CA_1,FOODS_3_017,zero_forecast,0.08928571428571429,0.32732683535398854,-0.08928571428571429,100.0,0
CA_1,FOODS_3_017,weekly_seasonal_naive,0.16071428571428573,0.4225771273642583,0.017857142857142856,180.0,2
CA_1,FOODS_3_017,mean_7_days,0.18112244897959182,0.3711537444790451,0.017857142857142846,202.85714285714283,3
CA_1,FOODS_3_017,mean_28_days,0.19323979591836732,0.34487871278264226,0.026785714285714274,216.42857142857136,4
CA_1,FOODS_3_017,last_value_naive,0.30357142857142855,0.5669467095138409,0.16071428571428573,340.0,1
CA_1,FOODS_3_018,mean_7_days,1.0752551020408163,1.5164909818258674,-0.36607142857142866,71.25950972104819,3
CA_1,FOODS_3_018,mean_28_days,1.1096938775510206,1.491472358415793,-0.18750000000000006,73.54184277261201,4
CA_1,FOODS_3_018,weekly_seasonal_naive,1.1160714285714286,1.5726456325931426,-0.36607142857142855,73.96449704142012,2
CA_1,FOODS_3_018,zero_forecast,1.5089285714285714,2.063717173313381,-1.5089285714285714,100.0,0
CA_1,FOODS_3_018,last_value_naive,1.6517857142857142,2.1401768952255193,0.24107142857142858,109.46745562130178,1
CA_1,FOODS_3_019,mean_28_days,1.0899234693877553,1.3180458633747096,0.03571428571428575,81.3809523809524,4
CA_1,FOODS_3_019,mean_7_days,1.1530612244897955,1.4742691028964496,0.0535714285714286,86.09523809523807,3
CA_1,FOODS_3_019,weekly_seasonal_naive,1.3392857142857142,1.7113069358158484,0.05357142857142857,100.0,2
CA_1,FOODS_3_019,zero_forecast,1.3392857142857142,1.8708286933869707,-1.3392857142857142,100.0,0
CA_1,FOODS_3_019,last_value_naive,1.8035714285714286,2.349011950343621,0.9107142857142857,134.66666666666666,1
CA_1,FOODS_3_020,mean_28_days,5.58545918367347,6.950650571518247,-0.7946428571428568,56.766917293233085,4
CA_1,FOODS_3_020,mean_7_days,5.767857142857143,7.247800510837613,0.12499999999999956,58.620689655172406,3
CA_1,FOODS_3_020,weekly_seasonal_naive,8.125,10.387148653160653,0.125,82.57713248638838,2
CA_1,FOODS_3_020,last_value_naive,8.303571428571429,9.7357955137582,6.410714285714286,84.39201451905626,1
CA_1,FOODS_3_020,zero_forecast,9.839285714285714,12.01264215019208,-9.839285714285714,100.0,0
CA_1,FOODS_3_021,mean_7_days,1.2793367346938775,1.8066628385631056,-0.3125,92.44239631336406,3
CA_1,FOODS_3_021,last_value_naive,1.3125,1.8540496217739157,-0.13392857142857142,94.83870967741936,1
CA_1,FOODS_3_021,zero_forecast,1.3839285714285714,2.277608394786075,-1.3839285714285714,100.0,0
CA_1,FOODS_3_021,mean_28_days,1.4413265306122447,1.8823834218720628,-0.04464285714285711,104.14746543778801,4
CA_1,FOODS_3_021,weekly_seasonal_naive,1.6160714285714286,2.1978073488950627,-0.3125,116.77419354838709,2
CA_1,FOODS_3_022,zero_forecast,0.38392857142857145,0.75,-0.38392857142857145,100.0,0
CA_1,FOODS_3_022,mean_7_days,0.4630102040816327,0.6971150462836834,-0.16964285714285715,120.59800664451828,3
CA_1,FOODS_3_022,weekly_seasonal_naive,0.4732142857142857,0.8183170883849714,-0.16964285714285715,123.25581395348837,2
CA_1,FOODS_3_022,mean_28_days,0.5433673469387755,0.6455795529473293,0.03571428571428576,141.52823920265783,4
CA_1,FOODS_3_022,last_value_naive,0.6875,1.0815002806947658,0.11607142857142858,179.06976744186048,1
CA_1,FOODS_3_023,mean_28_days,1.2040816326530612,1.5089021553055435,-0.062499999999999965,67.76740847092606,4
CA_1,FOODS_3_023,mean_7_days,1.3252551020408165,1.6268631391329105,0.36607142857142855,74.58722182340274,3
CA_1,FOODS_3_023,last_value_naive,1.4910714285714286,1.8588590970961578,0.9732142857142857,83.91959798994975,1
CA_1,FOODS_3_023,weekly_seasonal_naive,1.6160714285714286,2.308756622699141,0.36607142857142855,90.95477386934674,2
CA_1,FOODS_3_023,zero_forecast,1.7767857142857142,2.328012641104609,-1.7767857142857142,100.0,0
CA_1,FOODS_3_024,mean_7_days,2.3647959183673466,2.762263933952787,0.8035714285714286,85.43778801843317,3
CA_1,FOODS_3_024,weekly_seasonal_naive,2.625,3.4486022013066604,0.8035714285714286,94.83870967741936,2
CA_1,FOODS_3_024,mean_28_days,2.638392857142857,3.178019615022756,0.11607142857142862,95.3225806451613,4
CA_1,FOODS_3_024,zero_forecast,2.767857142857143,3.9955332202705702,-2.767857142857143,100.0,0
CA_1,FOODS_3_024,last_value_naive,3.2857142857142856,4.131758532565592,2.732142857142857,118.70967741935483,1
CA_1,FOODS_3_025,zero_forecast,0.5446428571428571,1.2283845372799884,-0.5446428571428571,100.0,0
CA_1,FOODS_3_025,last_value_naive,0.5446428571428571,1.2283845372799884,-0.5446428571428571,100.0,1
CA_1,FOODS_3_025,mean_7_days,0.6058673469387755,1.190416665178497,-0.33035714285714285,111.24121779859486,3
CA_1,FOODS_3_025,mean_28_days,0.625,1.1054133957530115,-0.22321428571428573,114.75409836065573,4
CA_1,FOODS_3_025,weekly_seasonal_naive,0.6875,1.3919410907075054,-0.33035714285714285,126.22950819672131,2
CA_1,FOODS_3_026,mean_28_days,1.6409438775510203,2.0595410128651164,-0.2946428571428571,76.89778840406454,4
CA_1,FOODS_3_026,mean_7_days,1.781887755102041,2.3082040902937897,-0.6696428571428571,83.5026897788404,3
CA_1,FOODS_3_026,zero_forecast,2.1339285714285716,2.9413917988404252,-2.1339285714285716,100.0,0
CA_1,FOODS_3_026,weekly_seasonal_naive,2.2589285714285716,2.9078096813335534,-0.6696428571428571,105.85774058577407,2
CA_1,FOODS_3_026,last_value_naive,2.2767857142857144,2.889327652882983,-0.38392857142857145,106.69456066945607,1
CA_1,FOODS_3_027,zero_forecast,0.6071428571428571,1.026436275942851,-0.6071428571428571,100.0,0
CA_1,FOODS_3_027,mean_28_days,0.7410714285714286,0.8757285596599448,0.11607142857142858,122.05882352941177,4
CA_1,FOODS_3_027,mean_7_days,0.8316326530612247,1.0189530441205075,0.14285714285714285,136.97478991596643,3
CA_1,FOODS_3_027,weekly_seasonal_naive,0.8928571428571429,1.2320134507614529,0.14285714285714285,147.05882352941177,2
CA_1,FOODS_3_027,last_value_naive,1.2142857142857142,1.6636878141217308,0.39285714285714285,200.0,1
CA_1,FOODS_3_028,mean_7_days,1.0778061224489794,1.496168576118101,-0.5089285714285717,83.2512315270936,3
CA_1,FOODS_3_028,last_value_naive,1.0803571428571428,1.6502164360211315,-0.7946428571428571,83.44827586206897,1
CA_1,FOODS_3_028,weekly_seasonal_naive,1.1875,1.780349082944931,-0.5089285714285714,91.72413793103448,2
CA_1,FOODS_3_028,mean_28_days,1.1970663265306123,1.491686143604079,0.04464285714285706,92.46305418719213,4
CA_1,FOODS_3_028,zero_forecast,1.2946428571428572,1.9109646030959637,-1.2946428571428572,100.0,0
CA_1,FOODS_3_029,mean_7_days,1.0573979591836735,1.5879810053868364,-0.22321428571428567,94.74285714285715,3
CA_1,FOODS_3_029,mean_28_days,1.0752551020408163,1.596792064722011,-0.24107142857142846,96.34285714285714,4
CA_1,FOODS_3_029,zero_forecast,1.1160714285714286,1.8827221932996,-1.1160714285714286,100.0,0
CA_1,FOODS_3_029,weekly_seasonal_naive,1.6160714285714286,2.4146132491264813,-0.22321428571428573,144.79999999999998,2
CA_1,FOODS_3_029,last_value_naive,2.1875,3.3233481396240836,0.6339285714285714,196.0,1
CA_1,FOODS_3_030,mean_28_days,4.075255102040816,6.438781574433575,-2.1160714285714284,62.26856363282012,4
CA_1,FOODS_3_030,mean_7_days,4.424744897959184,6.649670085417618,-1.008928571428571,67.60865328396024,3
CA_1,FOODS_3_030,weekly_seasonal_naive,4.651785714285714,6.893967342124976,-1.0089285714285714,71.07776261937244,2
CA_1,FOODS_3_030,last_value_naive,5.008928571428571,7.231503499075615,-0.7946428571428571,76.53478854024557,1
CA_1,FOODS_3_030,zero_forecast,6.544642857142857,8.91777919183278,-6.544642857142857,100.0,0
CA_1,FOODS_3_031,mean_28_days,0.9649234693877551,1.1777594605600823,-0.08928571428571433,70.17625231910945,4
CA_1,FOODS_3_031,mean_7_days,0.9948979591836735,1.2163847404233143,-0.08928571428571422,72.35621521335808,3
CA_1,FOODS_3_031,last_value_naive,1.1964285714285714,1.564106317175585,-0.625,87.01298701298701,1
CA_1,FOODS_3_031,weekly_seasonal_naive,1.2857142857142858,1.6420805617960927,-0.08928571428571429,93.5064935064935,2
CA_1,FOODS_3_031,zero_forecast,1.375,1.807721533549109,-1.375,100.0,0
CA_1,FOODS_3_032,mean_28_days,0.864158163265306,1.088260641799471,-0.1160714285714287,70.64650677789363,4
CA_1,FOODS_3_032,mean_7_days,0.899234693877551,1.1578260769605233,-0.11607142857142858,73.5140771637122,3
CA_1,FOODS_3_032,weekly_seasonal_naive,1.0267857142857142,1.423652244856768,-0.11607142857142858,83.94160583941606,2
CA_1,FOODS_3_032,last_value_naive,1.1339285714285714,1.45467227531545,0.2767857142857143,92.7007299270073,1
CA_1,FOODS_3_032,zero_forecast,1.2232142857142858,1.622938252500252,-1.2232142857142858,100.0,0
CA_1,FOODS_3_033,zero_forecast,0.4017857142857143,0.9306295871996703,-0.4017857142857143,100.0,0
CA_1,FOODS_3_033,last_value_naive,0.4017857142857143,0.9306295871996703,-0.4017857142857143,100.0,1
CA_1,FOODS_3_033,mean_28_days,0.6243622448979592,0.867129324441356,0.02678571428571423,155.3968253968254,4
CA_1,FOODS_3_033,mean_7_days,0.6364795918367347,0.8914274267391918,0.02678571428571424,158.41269841269843,3
CA_1,FOODS_3_033,weekly_seasonal_naive,0.6517857142857143,1.2642050014591328,0.026785714285714284,162.22222222222223,2
CA_1,FOODS_3_034,mean_7_days,1.375,1.7068290207640742,-0.17857142857142844,77.0,3
CA_1,FOODS_3_034,mean_28_days,1.4355867346938775,1.75,-0.05357142857142859,80.39285714285714,4
CA_1,FOODS_3_034,weekly_seasonal_naive,1.5892857142857142,2.0873770280289223,-0.17857142857142858,89.0,2
CA_1,FOODS_3_034,zero_forecast,1.7857142857142858,2.449489742783178,-1.7857142857142858,100.0,0
CA_1,FOODS_3_034,last_value_naive,2.6785714285714284,3.1903873477324707,2.2142857142857144,150.0,1
CA_1,FOODS_3_035,mean_28_days,0.8705357142857143,1.0898710371190805,-0.017857142857142873,79.26829268292683,4
CA_1,FOODS_3_035,mean_7_days,1.0880102040816326,1.2872015207814356,0.4375000000000001,99.07084785133566,3
CA_1,FOODS_3_035,zero_forecast,1.0982142857142858,1.532388425208924,-1.0982142857142858,100.0,0
CA_1,FOODS_3_035,last_value_naive,1.2767857142857142,1.6502164360211315,0.15178571428571427,116.26016260162602,1
CA_1,FOODS_3_035,weekly_seasonal_naive,1.3125,1.7346263492258416,0.4375,119.51219512195121,2
CA_1,FOODS_3_036,last_value_naive,0.6339285714285714,0.9306295871996703,0.09821428571428571,97.26027397260275,1
CA_1,FOODS_3_036,zero_forecast,0.6517857142857143,1.0648608225625409,-0.6517857142857143,100.0,0
CA_1,FOODS_3_036,mean_28_days,0.6645408163265305,0.8713480641968465,-0.14285714285714288,101.9569471624266,4
CA_1,FOODS_3_036,mean_7_days,0.6798469387755102,0.9112393444409339,-0.08035714285714282,104.30528375733854,3
CA_1,FOODS_3_036,weekly_seasonal_naive,0.8482142857142857,1.2210943569484827,-0.08035714285714286,130.13698630136986,2
CA_1,FOODS_3_037,mean_28_days,2.4598214285714284,4.599349721117417,-1.7410714285714286,71.74479166666666,4
CA_1,FOODS_3_037,mean_7_days,2.5433673469387754,4.645329012314743,-1.3571428571428572,74.18154761904762,3
CA_1,FOODS_3_037,last_value_naive,2.75,5.007137762377681,-2.6785714285714284,80.20833333333334,1
CA_1,FOODS_3_037,weekly_seasonal_naive,2.9464285714285716,5.172040216394301,-1.3571428571428572,85.9375,2
CA_1,FOODS_3_037,zero_forecast,3.4285714285714284,5.767829500154902,-3.4285714285714284,100.0,0
CA_1,FOODS_3_038,zero_forecast,0.5803571428571429,0.940174755792013,-0.5803571428571429,100.0,0
CA_1,FOODS_3_038,mean_7_days,0.6007653061224489,0.7431661445244575,-0.11607142857142856,103.5164835164835,3
CA_1,FOODS_3_038,mean_28_days,0.6403061224489796,0.7634842259439981,-0.026785714285714305,110.32967032967032,4
CA_1,FOODS_3_038,weekly_seasonal_naive,0.7232142857142857,1.0479571965086578,-0.11607142857142858,124.61538461538461,2
CA_1,FOODS_3_038,last_value_naive,0.8125,1.0564428184106458,0.16964285714285715,140.0,1
CA_1,FOODS_3_039,mean_7_days,2.2997448979591844,3.6205549805723067,-0.2767857142857142,48.87503388452157,3
CA_1,FOODS_3_039,weekly_seasonal_naive,2.3839285714285716,3.491060010942235,-0.2767857142857143,50.664136622390885,2
CA_1,FOODS_3_039,mean_28_days,2.6256377551020407,3.994774967481438,-1.3571428571428572,55.80103008945514,4
CA_1,FOODS_3_039,last_value_naive,2.8125,3.8277651069894185,0.29464285714285715,59.772296015180274,1
CA_1,FOODS_3_039,zero_forecast,4.705357142857143,6.017088759762244,-4.705357142857143,100.0,0
CA_1,FOODS_3_040,mean_7_days,0.35714285714285715,0.7905694150420949,-0.17857142857142858,83.33333333333334,3
CA_1,FOODS_3_040,mean_28_days,0.375,0.7975968369331177,-0.24107142857142858,87.5,4
CA_1,FOODS_3_040,zero_forecast,0.42857142857142855,0.9258200997725514,-0.42857142857142855,100.0,0
CA_1,FOODS_3_040,last_value_naive,0.42857142857142855,0.9258200997725514,-0.42857142857142855,100.0,1
CA_1,FOODS_3_040,weekly_seasonal_naive,0.5892857142857143,1.1417405259389843,-0.17857142857142858,137.5,2
CA_1,FOODS_3_041,mean_28_days,2.493622448979592,3.266588356343039,-0.4553571428571427,56.08146873207114,4
CA_1,FOODS_3_041,mean_7_days,2.5280612244897958,3.2079302246979458,0.053571428571428624,56.855995410212266,3
CA_1,FOODS_3_041,weekly_seasonal_naive,2.9464285714285716,3.6326888899861176,0.05357142857142857,66.26506024096386,2
CA_1,FOODS_3_041,zero_forecast,4.446428571428571,5.459264733329153,-4.446428571428571,100.0,0
CA_1,FOODS_3_041,last_value_naive,6.410714285714286,7.341175460568774,5.803571428571429,144.17670682730923,1
CA_1,FOODS_3_042,mean_28_days,1.4872448979591835,1.8671604819367087,-0.13392857142857134,64.562569213732,4
CA_1,FOODS_3_042,mean_7_days,1.528061224489796,1.9659084206461264,-0.33928571428571414,66.3344407530454,3
CA_1,FOODS_3_042,weekly_seasonal_naive,1.9285714285714286,2.4784787961282104,-0.3392857142857143,83.72093023255815,2
CA_1,FOODS_3_042,last_value_naive,2.2142857142857144,2.812599204599597,-0.05357142857142857,96.12403100775194,1
CA_1,FOODS_3_042,zero_forecast,2.3035714285714284,2.930748319846949,-2.3035714285714284,100.0,0
CA_1,FOODS_3_043,last_value_naive,0.5714285714285714,1.1417405259389843,-0.23214285714285715,78.04878048780488,1
CA_1,FOODS_3_043,mean_28_days,0.5841836734693878,1.1417405259389843,-0.4107142857142857,79.79094076655052,4
CA_1,FOODS_3_043,mean_7_days,0.6862244897959184,1.248468449496324,-0.05357142857142854,93.72822299651568,3
CA_1,FOODS_3_043,weekly_seasonal_naive,0.7321428571428571,1.3627702877384937,-0.05357142857142857,100.0,2
CA_1,FOODS_3_043,zero_forecast,0.7321428571428571,1.3951446417589006,-0.7321428571428571,100.0,0
CA_1,FOODS_3_044,zero_forecast,0.45535714285714285,1.0044543650303739,-0.45535714285714285,100.0,0
CA_1,FOODS_3_044,last_value_naive,0.5089285714285714,1.0220777158038703,-0.20535714285714285,111.76470588235294,1
CA_1,FOODS_3_044,mean_7_days,0.610969387755102,0.9576491198422801,-0.0625,134.17366946778714,3
CA_1,FOODS_3_044,weekly_seasonal_naive,0.6517857142857143,1.1220198623146433,-0.0625,143.13725490196077,2
CA_1,FOODS_3_044,mean_28_days,0.6619897959183673,0.9401747557920132,0.044642857142857095,145.37815126050418,4
CA_1,FOODS_3_045,zero_forecast,0.35714285714285715,0.7791937224739796,-0.35714285714285715,100.0,0
CA_1,FOODS_3_045,mean_28_days,0.5127551020408163,0.703716446258501,-0.02678571428571429,143.57142857142856,4
CA_1,FOODS_3_045,mean_7_days,0.6198979591836734,0.8360499936228303,0.1428571428571428,173.57142857142853,3
CA_1,FOODS_3_045,weekly_seasonal_naive,0.6428571428571429,1.093813773650968,0.14285714285714285,180.0,2
CA_1,FOODS_3_045,last_value_naive,0.7142857142857143,0.9063269671749657,0.39285714285714285,200.0,1
CA_1,FOODS_3_046,mean_28_days,1.139030612244898,1.5198516307823724,-0.08928571428571429,91.12244897959184,4
CA_1,FOODS_3_046,last_value_naive,1.1964285714285714,1.647508942095828,-0.25,95.71428571428572,1
CA_1,FOODS_3_046,mean_7_days,1.2091836734693877,1.6675167899898216,-0.42857142857142855,96.73469387755101,3
CA_1,FOODS_3_046,zero_forecast,1.25,1.9456912102680337,-1.25,100.0,0
CA_1,FOODS_3_046,weekly_seasonal_naive,1.3928571428571428,2.1297216451250818,-0.42857142857142855,111.42857142857143,2
CA_1,FOODS_3_047,zero_forecast,1.2410714285714286,2.037593117942273,-1.2410714285714286,100.0,0
CA_1,FOODS_3_047,mean_28_days,1.2512755102040816,1.679710859472121,0.044642857142857185,100.82219938335047,4
CA_1,FOODS_3_047,mean_7_days,1.3864795918367345,1.7903511227848974,0.29464285714285715,111.71634121274407,3
CA_1,FOODS_3_047,weekly_seasonal_naive,1.8125,2.88004216238979,0.29464285714285715,146.0431654676259,2
CA_1,FOODS_3_047,last_value_naive,1.9196428571428572,2.7918887615990107,0.25892857142857145,154.67625899280574,1
CA_1,FOODS_3_048,mean_7_days,1.2857142857142858,1.778557085426962,-0.3392857142857143,93.5064935064935,3
CA_1,FOODS_3_048,mean_28_days,1.2908163265306123,1.734718262133535,-0.3125,93.87755102040816,4
CA_1,FOODS_3_048,zero_forecast,1.375,2.1547290184283368,-1.375,100.0,0
CA_1,FOODS_3_048,last_value_naive,1.4464285714285714,1.9910514092523364,-0.375,105.1948051948052,1
CA_1,FOODS_3_048,weekly_seasonal_naive,1.75,2.57390753524675,-0.3392857142857143,127.27272727272727,2
CA_1,FOODS_3_049,mean_28_days,0.7493622448979591,0.9166473405507569,-0.14285714285714277,92.2291993720565,4
CA_1,FOODS_3_049,mean_7_days,0.7844387755102041,1.0095210017930407,-0.3125000000000001,96.54631083202511,3
CA_1,FOODS_3_049,zero_forecast,0.8125,1.2137603905690306,-0.8125,100.0,0
CA_1,FOODS_3_049,weekly_seasonal_naive,0.8482142857142857,1.153411090139653,-0.3125,104.39560439560441,2
CA_1,FOODS_3_049,last_value_naive,0.9910714285714286,1.25,-0.0625,121.97802197802199,1
CA_1,FOODS_3_050,zero_forecast,0.3482142857142857,0.7961963146288554,-0.3482142857142857,100.0,0
CA_1,FOODS_3_050,last_value_naive,0.3482142857142857,0.7961963146288554,-0.3482142857142857,100.0,1
CA_1,FOODS_3_050,weekly_seasonal_naive,0.5089285714285714,0.9682458365518543,0.044642857142857144,146.15384615384613,2
CA_1,FOODS_3_050,mean_28_days,0.5191326530612245,0.7327958760243997,-0.044642857142857165,149.08424908424905,4
CA_1,FOODS_3_050,mean_7_days,0.5650510204081632,0.7701378090302794,0.04464285714285714,162.27106227106228,3
TX_1,FOODS_3_001,zero_forecast,0.0,0.0,0.0,,0
TX_1,FOODS_3_001,last_value_naive,0.0,0.0,0.0,,1
TX_1,FOODS_3_001,weekly_seasonal_naive,0.0,0.0,0.0,,2
TX_1,FOODS_3_001,mean_7_days,0.0,0.0,0.0,,3
TX_1,FOODS_3_001,mean_28_days,0.0,0.0,0.0,,4
TX_1,FOODS_3_002,zero_forecast,0.7589285714285714,1.5089021553055435,-0.7589285714285714,100.0,0
TX_1,FOODS_3_002,mean_7_days,0.8405612244897959,1.31368386841068,0.16964285714285715,110.75630252100841,3
TX_1,FOODS_3_002,last_value_naive,0.9017857142857143,1.5439975943726634,0.24107142857142858,118.82352941176471,1
TX_1,FOODS_3_002,weekly_seasonal_naive,0.9375,1.6174274106034645,0.16964285714285715,123.52941176470588,2
TX_1,FOODS_3_002,mean_28_days,1.0299744897959184,1.321669862140238,0.45535714285714285,135.71428571428575,4
TX_1,FOODS_3_003,zero_forecast,0.125,0.3779644730092272,-0.125,100.0,0
TX_1,FOODS_3_003,last_value_naive,0.125,0.3779644730092272,-0.125,100.0,1
TX_1,FOODS_3_003,mean_28_days,0.18877551020408162,0.38630906522828456,-0.035714285714285705,151.0204081632653,4
TX_1,FOODS_3_003,mean_7_days,0.22704081632653056,0.42857142857142855,0.017857142857142846,181.63265306122446,3
TX_1,FOODS_3_003,weekly_seasonal_naive,0.23214285714285715,0.5509731650193397,0.017857142857142856,185.71428571428572,2
TX_1,FOODS_3_004,zero_forecast,0.07142857142857142,0.2672612419124244,-0.07142857142857142,100.0,0
TX_1,FOODS_3_004,last_value_naive,0.07142857142857142,0.2672612419124244,-0.07142857142857142,100.0,1
TX_1,FOODS_3_004,weekly_seasonal_naive,0.07142857142857142,0.2672612419124244,-0.07142857142857142,100.0,2
TX_1,FOODS_3_004,mean_7_days,0.07142857142857142,0.2672612419124244,-0.07142857142857142,100.0,3
TX_1,FOODS_3_004,mean_28_days,0.14540816326530612,0.2600039246171614,0.01785714285714284,203.57142857142856,4
TX_1,FOODS_3_005,mean_28_days,1.1396683673469388,1.4002778514368102,-0.1160714285714285,79.77678571428571,4
TX_1,FOODS_3_005,mean_7_days,1.2448979591836735,1.609918238512092,-0.6785714285714286,87.14285714285715,3
TX_1,FOODS_3_005,weekly_seasonal_naive,1.4107142857142858,1.8945410299821206,-0.6785714285714286,98.75,2
TX_1,FOODS_3_005,zero_forecast,1.4285714285714286,1.9730324738475904,-1.4285714285714286,100.0,0
TX_1,FOODS_3_005,last_value_naive,1.4464285714285714,1.8126539343499315,-0.6785714285714286,101.25,1
TX_1,FOODS_3_006,mean_28_days,0.7417091836734694,0.949120161851308,0.026785714285714284,79.87637362637362,4
TX_1,FOODS_3_006,mean_7_days,0.7908163265306124,1.020204061220407,-0.32142857142857145,85.16483516483517,3
TX_1,FOODS_3_006,last_value_naive,0.8035714285714286,1.0773645092141684,-0.17857142857142858,86.53846153846155,1
TX_1,FOODS_3_006,weekly_seasonal_naive,0.9107142857142857,1.2100767390069582,-0.32142857142857145,98.07692307692307,2
TX_1,FOODS_3_006,zero_forecast,0.9285714285714286,1.3024701806293193,-0.9285714285714286,100.0,0
TX_1,FOODS_3_007,zero_forecast,5.151785714285714,9.059821032606392,-5.151785714285714,100.0,0
TX_1,FOODS_3_007,mean_28_days,5.529336734693879,7.414456886270723,0.8392857142857143,107.32854666996785,4
TX_1,FOODS_3_007,mean_7_days,6.253826530612245,8.269149081411717,1.0625000000000002,121.39143352314929,3
TX_1,FOODS_3_007,weekly_seasonal_naive,7.883928571428571,12.552390210633192,1.0625,153.03292894280762,2
TX_1,FOODS_3_007,last_value_naive,10.598214285714286,15.114739731231138,1.8482142857142858,205.71923743500867,1
TX_1,FOODS_3_008,zero_forecast,0.19642857142857142,1.0773645092141684,-0.19642857142857142,100.0,0
TX_1,FOODS_3_008,mean_7_days,0.3290816326530612,1.0820898148245084,-0.0535714285714286,167.5324675324675,3
TX_1,FOODS_3_008,weekly_seasonal_naive,0.3392857142857143,1.3161089837634485,-0.05357142857142857,172.72727272727272,2
TX_1,FOODS_3_008,mean_28_days,0.3832908163265306,1.0867945753359243,0.0,195.12987012987014,4
TX_1,FOODS_3_008,last_value_naive,1.125,2.1588687513867733,0.8035714285714286,572.7272727272727,1
TX_1,FOODS_3_009,zero_forecast,0.24107142857142858,0.6338656910463875,-0.24107142857142858,100.0,0
TX_1,FOODS_3_009,mean_7_days,0.29464285714285715,0.6216748280546147,-0.13392857142857142,122.22222222222223,3
TX_1,FOODS_3_009,weekly_seasonal_naive,0.29464285714285715,0.7007648882267351,-0.13392857142857142,122.22222222222223,2
TX_1,FOODS_3_009,mean_28_days,0.4247448979591836,0.5835762370845783,0.11607142857142853,176.19047619047618,4
TX_1,FOODS_3_009,last_value_naive,0.5982142857142857,1.0564428184106458,0.25892857142857145,248.14814814814815,1
TX_1,FOODS_3_010,zero_forecast,0.4017857142857143,0.7258000511750563,-0.4017857142857143,100.0,0
TX_1,FOODS_3_010,mean_28_days,0.5159438775510204,0.6216748280546147,-0.02678571428571427,128.41269841269843,4
TX_1,FOODS_3_010,mean_7_days,0.5318877551020408,0.6237231855918922,0.062499999999999965,132.38095238095238,3
TX_1,FOODS_3_010,weekly_seasonal_naive,0.6339285714285714,0.9209854970162591,0.0625,157.77777777777777,2
TX_1,FOODS_3_010,last_value_naive,0.6875,1.0479571965086578,0.09821428571428571,171.11111111111111,1
TX_1,FOODS_3_011,zero_forecast,0.33035714285714285,0.7133922984085064,-0.33035714285714285,100.0,0
TX_1,FOODS_3_011,mean_28_days,0.4929846938775511,0.6475522987310266,7.93016446160826e-18,149.22779922779924,4
TX_1,FOODS_3_011,mean_7_days,0.5829081632653061,0.7431661445244575,0.13392857142857145,176.44787644787647,3
TX_1,FOODS_3_011,weekly_seasonal_naive,0.5982142857142857,1.0044543650303739,0.13392857142857142,181.08108108108107,2
TX_1,FOODS_3_011,last_value_naive,0.8660714285714286,1.191487665543734,0.41964285714285715,262.16216216216213,1
TX_1,FOODS_3_012,zero_forecast,0.15178571428571427,0.5088502445991074,-0.15178571428571427,100.0,0
TX_1,FOODS_3_012,last_value_naive,0.15178571428571427,0.5088502445991074,-0.15178571428571427,100.0,1
TX_1,FOODS_3_012,mean_7_days,0.16454081632653064,0.48313390208816726,-0.11607142857142858,108.40336134453783,3
TX_1,FOODS_3_012,mean_28_days,0.16772959183673472,0.4781581371069958,-0.10714285714285714,110.50420168067228,4
TX_1,FOODS_3_012,weekly_seasonal_naive,0.16964285714285715,0.5261042808091513,-0.11607142857142858,111.76470588235294,2
TX_1,FOODS_3_013,zero_forecast,0.026785714285714284,0.2834733547569204,-0.026785714285714284,100.0,0
TX_1,FOODS_3_013,last_value_naive,0.026785714285714284,0.2834733547569204,-0.026785714285714284,100.0,1
TX_1,FOODS_3_013,mean_7_days,0.06249999999999999,0.2923340275668732,0.008928571428571425,233.33333333333331,3
TX_1,FOODS_3_013,weekly_seasonal_naive,0.0625,0.34069257193462343,0.008928571428571428,233.33333333333334,2
TX_1,FOODS_3_013,mean_28_days,0.15178571428571427,0.3779644730092272,0.09821428571428571,566.6666666666667,4
TX_1,FOODS_3_014,zero_forecast,0.17857142857142858,0.5,-0.17857142857142858,100.0,0
TX_1,FOODS_3_014,last_value_naive,0.17857142857142858,0.5,-0.17857142857142858,100.0,1
TX_1,FOODS_3_014,mean_7_days,0.1989795918367347,0.48445214165180484,-0.14285714285714285,111.42857142857143,3
TX_1,FOODS_3_014,weekly_seasonal_naive,0.21428571428571427,0.5345224838248488,-0.14285714285714285,120.0,2
TX_1,FOODS_3_014,mean_28_days,0.27168367346938777,0.4659995839535674,-0.04464285714285715,152.14285714285714,4
TX_1,FOODS_3_015,zero_forecast,0.8303571428571429,1.423652244856768,-0.8303571428571429,100.0,0
TX_1,FOODS_3_015,mean_7_days,0.8533163265306122,1.2345990012459718,-0.22321428571428578,102.76497695852534,3
TX_1,FOODS_3_015,mean_28_days,0.913265306122449,1.192958721081363,-0.0714285714285714,109.98463901689708,4
TX_1,FOODS_3_015,weekly_seasonal_naive,0.9910714285714286,1.7294714304004644,-0.22321428571428573,119.35483870967742,2
TX_1,FOODS_3_015,last_value_naive,1.9375,2.75,1.1696428571428572,233.33333333333334,1
TX_1,FOODS_3_016,zero_forecast,0.36607142857142855,0.7379992257061365,-0.36607142857142855,100.0,0
TX_1,FOODS_3_016,last_value_naive,0.41964285714285715,0.75,-0.11607142857142858,114.6341463414634,1
TX_1,FOODS_3_016,mean_7_days,0.4655612244897959,0.6710105081448549,-0.15178571428571433,127.17770034843205,3
TX_1,FOODS_3_016,weekly_seasonal_naive,0.4732142857142857,0.8183170883849714,-0.15178571428571427,129.26829268292684,2
TX_1,FOODS_3_016,mean_28_days,0.5261479591836735,0.6652834289356128,-0.026785714285714295,143.72822299651568,4
TX_1,FOODS_3_017,weekly_seasonal_naive,0.15178571428571427,0.3895968612369898,-0.044642857142857144,100.0,2
TX_1,FOODS_3_017,zero_forecast,0.15178571428571427,0.411877235523957,-0.15178571428571427,100.0,0
TX_1,FOODS_3_017,mean_7_days,0.20790816326530612,0.37286808960394824,-0.04464285714285716,136.9747899159664,3
TX_1,FOODS_3_017,mean_28_days,0.2512755102040817,0.4107142857142857,-0.01785714285714285,165.54621848739498,4
TX_1,FOODS_3_017,last_value_naive,0.45535714285714285,0.674801558131828,0.3482142857142857,300.0,1
TX_1,FOODS_3_018,zero_forecast,0.49107142857142855,0.8813544770895048,-0.49107142857142855,100.0,0
TX_1,FOODS_3_018,weekly_seasonal_naive,0.5267857142857143,0.8813544770895048,-0.3482142857142857,107.27272727272728,2
TX_1,FOODS_3_018,mean_7_days,0.534438775510204,0.8214285714285715,-0.3482142857142857,108.83116883116884,3
TX_1,FOODS_3_018,last_value_naive,0.5625,0.8813544770895048,-0.24107142857142858,114.54545454545455,1
TX_1,FOODS_3_018,mean_28_days,0.6173469387755102,0.7354021529276429,-0.02678571428571427,125.71428571428571,4
TX_1,FOODS_3_019,zero_forecast,0.4375,0.8504200642707612,-0.4375,100.0,0
TX_1,FOODS_3_019,last_value_naive,0.4375,0.8504200642707612,-0.4375,100.0,1
TX_1,FOODS_3_019,mean_28_days,0.6007653061224489,0.7420926698278624,0.017857142857142873,137.31778425655975,4
TX_1,FOODS_3_019,mean_7_days,0.6313775510204083,0.7567721464434676,0.09821428571428571,144.31486880466474,3
TX_1,FOODS_3_019,weekly_seasonal_naive,0.7232142857142857,1.0648608225625409,0.09821428571428571,165.3061224489796,2
TX_1,FOODS_3_020,mean_7_days,2.4489795918367347,3.1253571224513115,0.08928571428571448,73.33842627960276,3
TX_1,FOODS_3_020,mean_28_days,2.518494897959184,3.1141648895303655,0.1517857142857145,75.4201680672269,4
TX_1,FOODS_3_020,weekly_seasonal_naive,3.0714285714285716,4.0178174601214955,0.08928571428571429,91.97860962566845,2
TX_1,FOODS_3_020,zero_forecast,3.3392857142857144,4.531634835874828,-3.3392857142857144,100.0,0
TX_1,FOODS_3_020,last_value_naive,3.8035714285714284,4.511889056386788,1.1607142857142858,113.90374331550801,1
TX_1,FOODS_3_021,mean_7_days,0.8431122448979591,1.1071428571428572,-0.18750000000000003,75.54285714285713,3
TX_1,FOODS_3_021,mean_28_days,0.9323979591836735,1.1435544747560973,0.16071428571428578,83.54285714285714,4
TX_1,FOODS_3_021,zero_forecast,1.1160714285714286,1.5555201243130405,-1.1160714285714286,100.0,0
TX_1,FOODS_3_021,weekly_seasonal_naive,1.1339285714285714,1.4485214136195177,-0.1875,101.6,2
TX_1,FOODS_3_021,last_value_naive,1.1875,1.5555201243130405,0.13392857142857142,106.4,1
TX_1,FOODS_3_022,zero_forecast,0.41964285714285715,0.8183170883849714,-0.41964285714285715,100.0,0
TX_1,FOODS_3_022,last_value_naive,0.49107142857142855,0.8398554297360605,-0.16964285714285715,117.02127659574468,1
TX_1,FOODS_3_022,mean_7_days,0.5573979591836735,0.7832754356950468,-0.09821428571428571,132.82674772036475,3
TX_1,FOODS_3_022,mean_28_days,0.579719387755102,0.7227180837445737,-0.008928571428571426,138.14589665653497,4
TX_1,FOODS_3_022,weekly_seasonal_naive,0.5982142857142857,0.9955257046261682,-0.09821428571428571,142.5531914893617,2
TX_1,FOODS_3_023,zero_forecast,0.8392857142857143,1.469936830518334,-0.8392857142857143,100.0,0
TX_1,FOODS_3_023,last_value_naive,0.9285714285714286,1.5236235005501102,-0.08928571428571429,110.63829787234043,1
TX_1,FOODS_3_023,mean_7_days,0.9489795918367346,1.307357515551652,0.12499999999999993,113.06990881458965,3
TX_1,FOODS_3_023,mean_28_days,0.9693877551020408,1.2921466082232531,-4.7580986769649563e-17,115.50151975683892,4
TX_1,FOODS_3_023,weekly_seasonal_naive,1.1607142857142858,1.5698043554168508,0.125,138.29787234042556,2
TX_1,FOODS_3_024,zero_forecast,1.8303571428571428,3.247251585132088,-1.8303571428571428,100.0,0
TX_1,FOODS_3_024,mean_7_days,1.9247448979591837,2.7615712031747583,-0.04464285714285696,105.15679442508711,3
TX_1,FOODS_3_024,mean_28_days,2.056122448979592,2.969552120424622,-0.13392857142857156,112.33449477351915,4
TX_1,FOODS_3_024,last_value_naive,2.3482142857142856,3.1210689560744136,0.41964285714285715,128.29268292682926,1
TX_1,FOODS_3_024,weekly_seasonal_naive,2.544642857142857,3.43693177121688,-0.044642857142857144,139.02439024390242,2
TX_1,FOODS_3_025,mean_7_days,0.7602040816326531,1.0126747770541304,-0.21428571428571427,78.83597883597884,3
TX_1,FOODS_3_025,mean_28_days,0.8022959183673469,1.0523600784398264,-0.2589285714285715,83.2010582010582,4
TX_1,FOODS_3_025,weekly_seasonal_naive,0.875,1.246423454758225,-0.21428571428571427,90.74074074074075,2
TX_1,FOODS_3_025,zero_forecast,0.9642857142857143,1.407885953173359,-0.9642857142857143,100.0,0
TX_1,FOODS_3_025,last_value_naive,1.0357142857142858,1.4015297764534702,0.5357142857142857,107.40740740740742,1
TX_1,FOODS_3_026,mean_28_days,0.774234693877551,0.9472705149910603,-0.06249999999999994,91.2781954887218,4
TX_1,FOODS_3_026,zero_forecast,0.8482142857142857,1.25,-0.8482142857142857,100.0,0
TX_1,FOODS_3_026,mean_7_days,0.9349489795918366,1.125425089756338,0.15178571428571416,110.22556390977442,3
TX_1,FOODS_3_026,weekly_seasonal_naive,1.0982142857142858,1.5726456325931426,0.15178571428571427,129.47368421052633,2
TX_1,FOODS_3_026,last_value_naive,1.7589285714285714,2.508912684240497,1.4017857142857142,207.36842105263156,1
TX_1,FOODS_3_027,last_value_naive,0.5535714285714286,0.8864052604279183,-0.32142857142857145,96.875,1
TX_1,FOODS_3_027,zero_forecast,0.5714285714285714,0.9258200997725514,-0.5714285714285714,100.0,0
TX_1,FOODS_3_027,mean_7_days,0.6428571428571427,0.7693092581620721,-0.035714285714285754,112.49999999999997,3
TX_1,FOODS_3_027,mean_28_days,0.6454081632653061,0.7362688617174393,0.0535714285714286,112.94642857142858,4
TX_1,FOODS_3_027,weekly_seasonal_naive,0.6785714285714286,0.9636241116594315,-0.03571428571428571,118.75,2
TX_1,FOODS_3_028,zero_forecast,0.6875,1.235631706571871,-0.6875,100.0,0
TX_1,FOODS_3_028,mean_28_days,0.7034438775510203,1.0301575072754257,-0.044642857142857095,102.31910946196659,4
TX_1,FOODS_3_028,mean_7_days,0.7283163265306124,1.0943966747174687,-0.18750000000000006,105.93692022263453,3
TX_1,FOODS_3_028,last_value_naive,0.7767857142857143,1.1989578808281798,-0.1875,112.98701298701299,1
TX_1,FOODS_3_028,weekly_seasonal_naive,0.8839285714285714,1.3058932356273014,-0.1875,128.57142857142858,2
TX_1,FOODS_3_029,zero_forecast,0.6875,1.466896626993775,-0.6875,100.0,0
TX_1,FOODS_3_029,mean_7_days,0.7869897959183675,1.3965153425726538,-0.25892857142857145,114.47124304267162,3
TX_1,FOODS_3_029,weekly_seasonal_naive,0.7946428571428571,1.4607972383012544,-0.25892857142857145,115.5844155844156,2
TX_1,FOODS_3_029,mean_28_days,0.8067602040816325,1.3902218660108514,-0.21428571428571427,117.3469387755102,4
TX_1,FOODS_3_029,last_value_naive,0.8125,1.5148078614606069,-0.1875,118.18181818181819,1
TX_1,FOODS_3_030,mean_7_days,4.600765306122448,5.976036328879003,-2.6517857142857144,56.93764798737174,3
TX_1,FOODS_3_030,mean_28_days,4.645408163265307,5.932657799960198,-2.0625,57.49013417521706,4
TX_1,FOODS_3_030,weekly_seasonal_naive,5.008928571428571,6.5717197140474575,-2.6517857142857144,61.988950276243095,2
TX_1,FOODS_3_030,last_value_naive,6.044642857142857,7.122023187670361,1.6696428571428572,74.80662983425415,1
TX_1,FOODS_3_030,zero_forecast,8.080357142857142,9.429721250235495,-8.080357142857142,100.0,0
TX_1,FOODS_3_031,zero_forecast,0.6607142857142857,1.469936830518334,-0.6607142857142857,100.0,0
TX_1,FOODS_3_031,mean_28_days,0.9075255102040816,1.3147757238714262,0.06250000000000003,137.35521235521236,4
TX_1,FOODS_3_031,mean_7_days,0.9744897959183673,1.381362828986694,0.16071428571428564,147.4903474903475,3
TX_1,FOODS_3_031,weekly_seasonal_naive,1.125,1.9685019685029528,0.16071428571428573,170.27027027027026,2
TX_1,FOODS_3_031,last_value_naive,3.1607142857142856,4.06201920231798,2.5892857142857144,478.37837837837844,1
TX_1,FOODS_3_032,mean_28_days,0.9081632653061226,1.1009330458427393,-0.02678571428571423,66.9172932330827,4
TX_1,FOODS_3_032,mean_7_days,0.9362244897959184,1.1327679662252648,-0.17857142857142852,68.98496240601504,3
TX_1,FOODS_3_032,weekly_seasonal_naive,1.1428571428571428,1.469936830518334,-0.17857142857142858,84.21052631578947,2
TX_1,FOODS_3_032,last_value_naive,1.1607142857142858,1.469936830518334,-0.10714285714285714,85.52631578947368,1
TX_1,FOODS_3_032,zero_forecast,1.3571428571428572,1.7165164058139881,-1.3571428571428572,100.0,0
TX_1,FOODS_3_033,zero_forecast,0.375,0.8345229603962802,-0.375,100.0,0
TX_1,FOODS_3_033,last_value_naive,0.4107142857142857,0.7905694150420949,-0.125,109.52380952380953,1
TX_1,FOODS_3_033,mean_7_days,0.49999999999999994,0.7921811790292441,-0.0892857142857143,133.33333333333331,3
TX_1,FOODS_3_033,weekly_seasonal_naive,0.5535714285714286,1.0856202966836188,-0.08928571428571429,147.61904761904762,2
TX_1,FOODS_3_033,mean_28_days,0.576530612244898,0.7746789986958522,0.03571428571428572,153.74149659863946,4
TX_1,FOODS_3_034,mean_7_days,0.7755102040816325,1.1134612334371354,-0.17857142857142863,94.40993788819874,3
TX_1,FOODS_3_034,mean_28_days,0.8201530612244898,1.0903098230338393,-0.05357142857142855,99.84472049689441,4
TX_1,FOODS_3_034,zero_forecast,0.8214285714285714,1.3363062095621219,-0.8214285714285714,100.0,0
TX_1,FOODS_3_034,last_value_naive,0.9642857142857143,1.4015297764534702,-0.32142857142857145,117.3913043478261,1
TX_1,FOODS_3_034,weekly_seasonal_naive,1.0178571428571428,1.5118578920369088,-0.17857142857142858,123.91304347826086,2
TX_1,FOODS_3_035,zero_forecast,0.5357142857142857,1.0773645092141684,-0.5357142857142857,100.0,0
TX_1,FOODS_3_035,mean_28_days,0.6543367346938774,0.9422075684480656,-0.05357142857142858,122.14285714285712,4
TX_1,FOODS_3_035,mean_7_days,0.6862244897959184,0.9244413646817703,0.07142857142857142,128.0952380952381,3
TX_1,FOODS_3_035,weekly_seasonal_naive,0.75,1.2026755886059097,0.07142857142857142,140.0,2
TX_1,FOODS_3_035,last_value_naive,1.5178571428571428,1.7728105208558367,1.2142857142857142,283.33333333333337,1
TX_1,FOODS_3_036,zero_forecast,0.0625,0.25,-0.0625,100.0,0
TX_1,FOODS_3_036,last_value_naive,0.0625,0.25,-0.0625,100.0,1
TX_1,FOODS_3_036,mean_28_days,0.13137755102040818,0.24419275591388118,0.01785714285714285,210.2040816326531,4
TX_1,FOODS_3_036,mean_7_days,0.15433673469387754,0.25,0.044642857142857116,246.93877551020407,3
TX_1,FOODS_3_036,weekly_seasonal_naive,0.16964285714285715,0.411877235523957,0.044642857142857144,271.42857142857144,2
TX_1,FOODS_3_037,mean_7_days,0.4987244897959184,1.0897247358851685,-0.36607142857142866,97.9949874686717,3
TX_1,FOODS_3_037,zero_forecast,0.5089285714285714,1.153411090139653,-0.5089285714285714,100.0,0
TX_1,FOODS_3_037,last_value_naive,0.5089285714285714,1.153411090139653,-0.5089285714285714,100.0,1
TX_1,FOODS_3_037,mean_28_days,0.5267857142857143,1.1090133968017313,-0.19642857142857142,103.50877192982458,4
TX_1,FOODS_3_037,weekly_seasonal_naive,0.5446428571428571,1.1764049351429002,-0.36607142857142855,107.01754385964912,2
TX_1,FOODS_3_038,zero_forecast,0.25,0.9063269671749657,-0.25,100.0,0
TX_1,FOODS_3_038,weekly_seasonal_naive,0.4107142857142857,0.9543135154205277,0.03571428571428571,164.28571428571428,2
TX_1,FOODS_3_038,mean_7_days,0.4413265306122449,0.8762745818846641,0.0357142857142857,176.53061224489795,3
TX_1,FOODS_3_038,mean_28_days,0.46428571428571425,0.8795435968589108,0.07142857142857148,185.7142857142857,4
TX_1,FOODS_3_038,last_value_naive,0.7142857142857143,1.3228756555322954,0.25,285.7142857142857,1
TX_1,FOODS_3_039,last_value_naive,0.7232142857142857,1.1764049351429002,-0.24107142857142858,72.97297297297297,1
TX_1,FOODS_3_039,mean_28_days,0.8514030612244897,1.2740042129812121,-0.2410714285714286,85.9073359073359,4
TX_1,FOODS_3_039,mean_7_days,0.8660714285714286,1.2221384737334766,-0.06249999999999998,87.38738738738738,3
TX_1,FOODS_3_039,zero_forecast,0.9910714285714286,1.5612494995995996,-0.9910714285714286,100.0,0
TX_1,FOODS_3_039,weekly_seasonal_naive,1.0982142857142858,1.6007810593582121,-0.0625,110.8108108108108,2
TX_1,FOODS_3_040,zero_forecast,0.10714285714285714,0.4008918628686366,-0.10714285714285714,100.0,0
TX_1,FOODS_3_040,last_value_naive,0.10714285714285714,0.4008918628686366,-0.10714285714285714,100.0,1
TX_1,FOODS_3_040,weekly_seasonal_naive,0.10714285714285714,0.4008918628686366,-0.10714285714285714,100.0,2
TX_1,FOODS_3_040,mean_7_days,0.10714285714285714,0.4008918628686366,-0.10714285714285714,100.0,3
TX_1,FOODS_3_040,mean_28_days,0.11479591836734693,0.38630906522828456,-0.08928571428571429,107.14285714285714,4
TX_1,FOODS_3_041,mean_7_days,0.9706632653061226,1.2621855033623066,-0.15178571428571433,84.27464008859359,3
TX_1,FOODS_3_041,mean_28_days,1.0267857142857142,1.3314053875970493,-0.07142857142857147,89.14728682170544,4
TX_1,FOODS_3_041,weekly_seasonal_naive,1.1160714285714286,1.6770509831248424,-0.15178571428571427,96.89922480620154,2
TX_1,FOODS_3_041,zero_forecast,1.1517857142857142,1.6663690210411721,-1.1517857142857142,100.0,0
TX_1,FOODS_3_041,last_value_naive,1.2232142857142858,1.5439975943726634,0.5982142857142857,106.20155038759691,1
TX_1,FOODS_3_042,mean_7_days,1.3839285714285714,1.7448905000437298,-0.18749999999999997,57.62081784386617,3
TX_1,FOODS_3_042,mean_28_days,1.4317602040816326,1.744342165928673,0.31250000000000006,59.61232076473713,4
TX_1,FOODS_3_042,last_value_naive,1.5267857142857142,1.9433954086303986,-0.15178571428571427,63.56877323420075,1
TX_1,FOODS_3_042,weekly_seasonal_naive,1.6339285714285714,2.037593117942273,-0.1875,68.02973977695167,2
TX_1,FOODS_3_042,zero_forecast,2.4017857142857144,2.867614738020832,-2.4017857142857144,100.0,0
TX_1,FOODS_3_043,zero_forecast,0.05357142857142857,0.2672612419124244,-0.05357142857142857,100.0,0
TX_1,FOODS_3_043,last_value_naive,0.05357142857142857,0.2672612419124244,-0.05357142857142857,100.0,1
TX_1,FOODS_3_043,weekly_seasonal_naive,0.05357142857142857,0.2672612419124244,-0.05357142857142857,100.0,2
TX_1,FOODS_3_043,mean_7_days,0.05357142857142857,0.2672612419124244,-0.05357142857142857,100.0,3
TX_1,FOODS_3_043,mean_28_days,0.07461734693877552,0.2618371124752711,-0.026785714285714284,139.2857142857143,4
TX_1,FOODS_3_044,zero_forecast,0.32142857142857145,0.6546536707079771,-0.32142857142857145,100.0,0
TX_1,FOODS_3_044,mean_28_days,0.4693877551020408,0.590366973386305,-0.008928571428571425,146.03174603174602,4
TX_1,FOODS_3_044,mean_7_days,0.5153061224489796,0.6288148879163933,0.07142857142857141,160.3174603174603,3
TX_1,FOODS_3_044,weekly_seasonal_naive,0.5714285714285714,0.9258200997725514,0.07142857142857142,177.77777777777777,2
TX_1,FOODS_3_044,last_value_naive,0.6071428571428571,1.0,0.17857142857142858,188.88888888888889,1
TX_1,FOODS_3_045,zero_forecast,0.3482142857142857,0.7618117502750551,-0.3482142857142857,100.0,0
TX_1,FOODS_3_045,weekly_seasonal_naive,0.4375,0.773443136703847,-0.0625,125.64102564102564,2
TX_1,FOODS_3_045,mean_7_days,0.475765306122449,0.674801558131828,-0.06250000000000003,136.63003663003664,3
TX_1,FOODS_3_045,mean_28_days,0.48596938775510207,0.6925256939166184,-0.08035714285714289,139.56043956043956,4
TX_1,FOODS_3_045,last_value_naive,0.5982142857142857,0.8504200642707612,0.15178571428571427,171.7948717948718,1
TX_1,FOODS_3_046,zero_forecast,0.15178571428571427,0.3895968612369898,-0.15178571428571427,100.0,0
TX_1,FOODS_3_046,mean_28_days,0.26275510204081637,0.3813242232868325,-0.008928571428571449,173.109243697479,4
TX_1,FOODS_3_046,mean_7_days,0.27423469387755095,0.41496250137936613,-0.008928571428571444,180.672268907563,3
TX_1,FOODS_3_046,weekly_seasonal_naive,0.2767857142857143,0.5261042808091513,-0.008928571428571428,182.35294117647058,2
TX_1,FOODS_3_046,last_value_naive,0.36607142857142855,0.6050383695034791,0.09821428571428571,241.17647058823528,1
TX_1,FOODS_3_047,mean_28_days,1.0950255102040816,1.524042020953705,-0.0714285714285714,85.16865079365078,4
TX_1,FOODS_3_047,mean_7_days,1.1581632653061225,1.6146649364939023,-0.21428571428571436,90.07936507936508,3
TX_1,FOODS_3_047,zero_forecast,1.2857142857142858,1.9639610121239315,-1.2857142857142858,100.0,0
TX_1,FOODS_3_047,weekly_seasonal_naive,1.375,1.917960226013936,-0.21428571428571427,106.94444444444444,2
TX_1,FOODS_3_047,last_value_naive,1.9285714285714286,2.326094212561969,0.9642857142857143,150.0,1
TX_1,FOODS_3_048,mean_7_days,1.0051020408163267,1.337260373346361,-0.10714285714285722,97.04433497536947,3
TX_1,FOODS_3_048,zero_forecast,1.0357142857142858,1.7008401285415224,-1.0357142857142858,100.0,0
TX_1,FOODS_3_048,mean_28_days,1.0822704081632655,1.386087026451788,0.044642857142857185,104.49507389162562,4
TX_1,FOODS_3_048,weekly_seasonal_naive,1.3571428571428572,2.0089087300607478,-0.10714285714285714,131.0344827586207,2
TX_1,FOODS_3_048,last_value_naive,1.9821428571428572,2.659215781283755,1.2142857142857142,191.3793103448276,1
TX_1,FOODS_3_049,zero_forecast,0.35714285714285715,0.7559289460184544,-0.35714285714285715,100.0,0
TX_1,FOODS_3_049,weekly_seasonal_naive,0.39285714285714285,0.7905694150420949,-0.25,110.00000000000001,2
TX_1,FOODS_3_049,mean_7_days,0.40816326530612246,0.7284313590846835,-0.25000000000000006,114.28571428571428,3
TX_1,FOODS_3_049,last_value_naive,0.42857142857142855,0.7791937224739796,-0.10714285714285714,120.0,1
TX_1,FOODS_3_049,mean_28_days,0.5299744897959184,0.6729087029077419,-1.586032892321652e-17,148.39285714285714,4
TX_1,FOODS_3_050,zero_forecast,0.09821428571428571,0.3895968612369898,-0.09821428571428571,100.0,0
TX_1,FOODS_3_050,mean_28_days,0.25701530612244894,0.4149625013793661,0.08035714285714286,261.68831168831167,4
TX_1,FOODS_3_050,last_value_naive,0.2767857142857143,0.57476703355111,0.15178571428571427,281.8181818181818,1
TX_1,FOODS_3_050,mean_7_days,0.322704081632653,0.4724555912615341,0.15178571428571422,328.5714285714285,3
TX_1,FOODS_3_050,weekly_seasonal_naive,0.33035714285714285,0.8183170883849714,0.15178571428571427,336.3636363636364,2
WI_1,FOODS_3_001,weekly_seasonal_naive,0.5267857142857143,1.0394023007753748,-0.008928571428571428,96.72131147540983,2
WI_1,FOODS_3_001,zero_forecast,0.5446428571428571,1.0564428184106458,-0.5446428571428571,100.0,0
WI_1,FOODS_3_001,mean_7_days,0.649234693877551,0.9306295871996703,-0.008928571428571444,119.20374707259953,3
WI_1,FOODS_3_001,mean_28_days,0.6715561224489797,0.9065028676069324,0.03571428571428573,123.30210772833725,4
WI_1,FOODS_3_001,last_value_naive,0.7767857142857143,1.013304354222222,0.45535714285714285,142.62295081967213,1
WI_1,FOODS_3_002,mean_7_days,3.5267857142857144,4.619308411881765,1.973214285714286,98.01488833746899,3
WI_1,FOODS_3_002,zero_forecast,3.5982142857142856,5.780972483686707,-3.5982142857142856,100.0,0
WI_1,FOODS_3_002,weekly_seasonal_naive,3.7589285714285716,6.309714732061981,1.9732142857142858,104.46650124069478,2
WI_1,FOODS_3_002,last_value_naive,4.491071428571429,6.4593509182977735,3.1517857142857144,124.81389578163771,1
WI_1,FOODS_3_002,mean_28_days,5.036989795918367,6.271391962145019,4.062499999999999,139.9858206309819,4
WI_1,FOODS_3_003,mean_28_days,0.41517857142857145,0.8588153326007891,-0.30357142857142855,78.8135593220339,4
WI_1,FOODS_3_003,mean_7_days,0.43239795918367346,0.8443993155383491,-0.20535714285714285,82.08232445520581,3
WI_1,FOODS_3_003,weekly_seasonal_naive,0.45535714285714285,0.9496239857363094,-0.20535714285714285,86.4406779661017,2
WI_1,FOODS_3_003,last_value_naive,0.5089285714285714,0.9306295871996703,-0.026785714285714284,96.61016949152543,1
WI_1,FOODS_3_003,zero_forecast,0.5267857142857143,1.0394023007753748,-0.5267857142857143,100.0,0
WI_1,FOODS_3_004,zero_forecast,0.32142857142857145,0.7196229171289245,-0.32142857142857145,100.0,0
WI_1,FOODS_3_004,mean_7_days,0.4413265306122449,0.662401321106836,0.035714285714285664,137.3015873015873,3
WI_1,FOODS_3_004,mean_28_days,0.49489795918367346,0.6500098115429034,0.04464285714285715,153.96825396825398,4
WI_1,FOODS_3_004,weekly_seasonal_naive,0.5714285714285714,0.9063269671749657,0.03571428571428571,177.77777777777777,2
WI_1,FOODS_3_004,last_value_naive,0.7321428571428571,1.0522085616183026,0.42857142857142855,227.77777777777777,1
WI_1,FOODS_3_005,mean_7_days,0.8035714285714286,1.1007882148158887,-0.017857142857142846,100.0,3
WI_1,FOODS_3_005,zero_forecast,0.8035714285714286,1.3562026818605375,-0.8035714285714286,100.0,0
WI_1,FOODS_3_005,mean_28_days,0.8590561224489797,1.1058460146707885,0.02678571428571425,106.90476190476193,4
WI_1,FOODS_3_005,weekly_seasonal_naive,1.0,1.5979898086569353,-0.017857142857142856,124.44444444444444,2
WI_1,FOODS_3_005,last_value_naive,1.0535714285714286,1.3822858914545448,0.44642857142857145,131.11111111111111,1
WI_1,FOODS_3_006,mean_7_days,0.8801020408163266,1.0714285714285714,-0.19642857142857145,83.53510895883778,3
WI_1,FOODS_3_006,last_value_naive,0.8928571428571429,1.1019463300386794,0.19642857142857142,84.7457627118644,1
WI_1,FOODS_3_006,mean_28_days,0.9030612244897959,1.0690449676496976,-0.12500000000000003,85.71428571428571,4
WI_1,FOODS_3_006,weekly_seasonal_naive,0.9464285714285714,1.2747548783981961,-0.19642857142857142,89.83050847457628,2
WI_1,FOODS_3_006,zero_forecast,1.0535714285714286,1.469936830518334,-1.0535714285714286,100.0,0
WI_1,FOODS_3_007,zero_forecast,3.982142857142857,7.514272134697126,-3.982142857142857,100.0,0
WI_1,FOODS_3_007,mean_7_days,4.329081632653062,6.699832468207009,-1.4107142857142858,108.71236386931456,3
WI_1,FOODS_3_007,mean_28_days,4.618622448979593,6.584517244790144,0.33928571428571414,115.98334401024988,4
WI_1,FOODS_3_007,last_value_naive,4.625,7.089982873241454,-1.7321428571428572,116.14349775784754,1
WI_1,FOODS_3_007,weekly_seasonal_naive,4.767857142857143,7.398117521176779,-1.4107142857142858,119.73094170403587,2
WI_1,FOODS_3_008,zero_forecast,0.8035714285714286,2.2873877802294165,-0.8035714285714286,100.0,0
WI_1,FOODS_3_008,mean_28_days,1.4081632653061225,2.4050860224761617,0.28571428571428564,175.23809523809524,4
WI_1,FOODS_3_008,weekly_seasonal_naive,1.5178571428571428,3.131065542043384,0.4107142857142857,188.88888888888889,2
WI_1,FOODS_3_008,mean_7_days,1.5561224489795917,2.699678741280608,0.4107142857142857,193.65079365079364,3
WI_1,FOODS_3_008,last_value_naive,2.0714285714285716,3.4043039985121353,1.1964285714285714,257.77777777777777,1
WI_1,FOODS_3_009,zero_forecast,0.14285714285714285,0.44320263021395917,-0.14285714285714285,100.0,0
WI_1,FOODS_3_009,last_value_naive,0.14285714285714285,0.44320263021395917,-0.14285714285714285,100.0,1
WI_1,FOODS_3_009,mean_28_days,0.25191326530612246,0.42106521866255703,9.912705577010326e-18,176.33928571428572,4
WI_1,FOODS_3_009,weekly_seasonal_naive,0.2857142857142857,0.6267831705280087,0.07142857142857142,200.0,2
WI_1,FOODS_3_009,mean_7_days,0.3137755102040816,0.46565731465733207,0.0714285714285714,219.6428571428571,3
WI_1,FOODS_3_010,zero_forecast,0.9642857142857143,1.5526475085202969,-0.9642857142857143,100.0,0
WI_1,FOODS_3_010,mean_28_days,1.0,1.2456557161853778,0.46428571428571425,103.7037037037037,4
WI_1,FOODS_3_010,mean_7_days,1.0204081632653061,1.27675449512282,0.5000000000000001,105.82010582010581,3
WI_1,FOODS_3_010,weekly_seasonal_naive,1.4107142857142858,2.065879266282796,0.5,146.2962962962963,2
WI_1,FOODS_3_010,last_value_naive,1.9642857142857142,2.1835423382332535,1.0357142857142858,203.70370370370372,1
WI_1,FOODS_3_011,mean_28_days,1.6651785714285714,2.0414236978848153,-0.17857142857142844,73.13725490196077,4
WI_1,FOODS_3_011,mean_7_days,1.6900510204081631,2.1228230145305114,-0.4196428571428571,74.22969187675069,3
WI_1,FOODS_3_011,weekly_seasonal_naive,1.9017857142857142,2.4513116022710313,-0.41964285714285715,83.52941176470588,2
WI_1,FOODS_3_011,last_value_naive,1.9732142857142858,2.526643736546285,-1.0267857142857142,86.66666666666667,1
WI_1,FOODS_3_011,zero_forecast,2.2767857142857144,2.9985115355074807,-2.2767857142857144,100.0,0
WI_1,FOODS_3_012,zero_forecast,0.23214285714285715,0.7791937224739796,-0.23214285714285715,100.0,0
WI_1,FOODS_3_012,last_value_naive,0.23214285714285715,0.7791937224739796,-0.23214285714285715,100.0,1
WI_1,FOODS_3_012,weekly_seasonal_naive,0.23214285714285715,0.7791937224739796,-0.23214285714285715,100.0,2
WI_1,FOODS_3_012,mean_7_days,0.23214285714285715,0.7791937224739796,-0.23214285714285715,100.0,3
WI_1,FOODS_3_012,mean_28_days,0.3137755102040816,0.7659860924831149,-0.08928571428571432,135.16483516483515,4
WI_1,FOODS_3_013,zero_forecast,0.41964285714285715,1.25,-0.41964285714285715,100.0,0
WI_1,FOODS_3_013,last_value_naive,0.6160714285714286,1.2921466082232531,-0.16964285714285715,146.80851063829786,1
WI_1,FOODS_3_013,mean_7_days,0.7385204081632654,1.3983408536037065,-0.026785714285714284,175.98784194528878,3
WI_1,FOODS_3_013,weekly_seasonal_naive,0.7410714285714286,1.5951936738662353,-0.026785714285714284,176.59574468085106,2
WI_1,FOODS_3_013,mean_28_days,0.7869897959183673,1.3819398152818465,0.017857142857142797,187.53799392097264,4
WI_1,FOODS_3_014,zero_forecast,0.9107142857142857,1.5979898086569353,-0.9107142857142857,100.0,0
WI_1,FOODS_3_014,mean_28_days,1.017219387755102,1.3472382938471439,-0.035714285714285844,111.69467787114844,4
WI_1,FOODS_3_014,mean_7_days,1.125,1.4214106244380285,0.2678571428571429,123.52941176470588,3
WI_1,FOODS_3_014,last_value_naive,1.2678571428571428,1.7928429140015905,0.08928571428571429,139.2156862745098,1
WI_1,FOODS_3_014,weekly_seasonal_naive,1.375,2.117107190754133,0.26785714285714285,150.98039215686273,2
WI_1,FOODS_3_015,mean_7_days,1.1530612244897962,1.4982983545287878,-0.2857142857142857,97.83549783549785,3
WI_1,FOODS_3_015,zero_forecast,1.1785714285714286,1.7978161355218885,-1.1785714285714286,100.0,0
WI_1,FOODS_3_015,mean_28_days,1.3520408163265307,1.6675167899898218,0.30357142857142855,114.71861471861473,4
WI_1,FOODS_3_015,last_value_naive,1.3571428571428572,1.8850918886280925,0.32142857142857145,115.15151515151516,1
WI_1,FOODS_3_015,weekly_seasonal_naive,1.4107142857142858,2.255944528193394,-0.2857142857142857,119.6969696969697,2
WI_1,FOODS_3_016,mean_7_days,1.0994897959183674,1.4339185642774808,-0.21428571428571422,75.08710801393728,3
WI_1,FOODS_3_016,mean_28_days,1.1313775510204083,1.455548848022488,-0.23214285714285715,77.26480836236935,4
WI_1,FOODS_3_016,weekly_seasonal_naive,1.4107142857142858,1.8126539343499315,-0.21428571428571427,96.34146341463415,2
WI_1,FOODS_3_016,zero_forecast,1.4642857142857142,2.0354009783964297,-1.4642857142857142,100.0,0
WI_1,FOODS_3_016,last_value_naive,1.4821428571428572,1.8126539343499315,0.03571428571428571,101.21951219512195,1
WI_1,FOODS_3_017,zero_forecast,0.17857142857142858,0.44320263021395917,-0.17857142857142858,100.0,0
WI_1,FOODS_3_017,weekly_seasonal_naive,0.26785714285714285,0.5345224838248488,-0.03571428571428571,150.0,2
WI_1,FOODS_3_017,mean_7_days,0.28061224489795916,0.42857142857142855,-0.03571428571428574,157.1428571428571,3
WI_1,FOODS_3_017,mean_28_days,0.29655612244897966,0.4285714285714286,-0.017857142857142873,166.0714285714286,4
WI_1,FOODS_3_017,last_value_naive,0.48214285714285715,0.6943650748294136,0.32142857142857145,270.0,1
WI_1,FOODS_3_018,zero_forecast,0.5892857142857143,0.9910312089651149,-0.5892857142857143,100.0,0
WI_1,FOODS_3_018,last_value_naive,0.6785714285714286,0.9728456051340169,-0.3392857142857143,115.15151515151516,1
WI_1,FOODS_3_018,mean_7_days,0.6964285714285714,0.8864052604279185,-0.16071428571428573,118.18181818181819,3
WI_1,FOODS_3_018,mean_28_days,0.7034438775510203,0.8408040976423967,-0.026785714285714413,119.37229437229435,4
WI_1,FOODS_3_018,weekly_seasonal_naive,0.7857142857142857,1.118033988749895,-0.16071428571428573,133.33333333333331,2
WI_1,FOODS_3_019,mean_28_days,0.9827806122448978,1.270746205332657,0.1249999999999999,80.93487394957982,4
WI_1,FOODS_3_019,mean_7_days,1.0051020408163265,1.3618339974955442,-0.28571428571428575,82.77310924369746,3
WI_1,FOODS_3_019,weekly_seasonal_naive,1.125,1.6583123951777,-0.2857142857142857,92.64705882352942,2
WI_1,FOODS_3_019,zero_forecast,1.2142857142857142,1.7371980724307585,-1.2142857142857142,100.0,0
WI_1,FOODS_3_019,last_value_naive,1.7678571428571428,2.4421887138969653,0.5357142857142857,145.58823529411765,1
WI_1,FOODS_3_020,mean_28_days,3.457908163265306,4.666936186337558,-0.7321428571428574,87.81988986070618,4
WI_1,FOODS_3_020,last_value_naive,3.5982142857142856,5.327656949488074,-2.9375,91.38321995464852,1
WI_1,FOODS_3_020,mean_7_days,3.7844387755102042,4.954512476273626,-0.33035714285714285,96.11273080660835,3
WI_1,FOODS_3_020,zero_forecast,3.9375,5.898698403643202,-3.9375,100.0,0
WI_1,FOODS_3_020,weekly_seasonal_naive,4.294642857142857,6.062914197927311,-0.33035714285714285,109.0702947845805,2
WI_1,FOODS_3_021,zero_forecast,0.23214285714285715,0.5824823725107175,-0.23214285714285715,100.0,0
WI_1,FOODS_3_021,mean_28_days,0.39094387755102045,0.5348206832811406,0.0267857142857143,168.40659340659343,4
WI_1,FOODS_3_021,weekly_seasonal_naive,0.39285714285714285,0.7905694150420949,0.05357142857142857,169.23076923076923,2
WI_1,FOODS_3_021,mean_7_days,0.4081632653061224,0.5669467095138409,0.053571428571428506,175.8241758241758,3
WI_1,FOODS_3_021,last_value_naive,1.2857142857142858,1.7525491637693282,1.0178571428571428,553.8461538461538,1
WI_1,FOODS_3_022,zero_forecast,0.26785714285714285,0.6408699444616557,-0.26785714285714285,100.0,0
WI_1,FOODS_3_022,mean_28_days,0.44770408163265296,0.5890150893739515,0.053571428571428596,167.1428571428571,4
WI_1,FOODS_3_022,mean_7_days,0.558673469387755,0.6980292959175738,0.26785714285714274,208.5714285714285,3
WI_1,FOODS_3_022,weekly_seasonal_naive,0.6428571428571429,1.0773645092141684,0.26785714285714285,240.0,2
WI_1,FOODS_3_022,last_value_naive,1.1428571428571428,1.6420805617960927,0.9821428571428571,426.6666666666667,1
WI_1,FOODS_3_023,zero_forecast,0.5357142857142857,0.944911182523068,-0.5357142857142857,100.0,0
WI_1,FOODS_3_023,last_value_naive,0.5357142857142857,0.944911182523068,-0.5357142857142857,100.0,1
WI_1,FOODS_3_023,mean_7_days,0.6122448979591837,0.8128433340529315,-0.14285714285714285,114.28571428571428,3
WI_1,FOODS_3_023,weekly_seasonal_naive,0.625,1.0177004891982149,-0.14285714285714285,116.66666666666667,2
WI_1,FOODS_3_023,mean_28_days,0.6543367346938777,0.8027773854638935,-0.02678571428571427,122.14285714285715,4
WI_1,FOODS_3_024,zero_forecast,0.8839285714285714,2.059386177619785,-0.8839285714285714,100.0,0
WI_1,FOODS_3_024,mean_7_days,1.2410714285714286,2.0840134944135937,-0.2767857142857143,140.4040404040404,3
WI_1,FOODS_3_024,weekly_seasonal_naive,1.3839285714285714,2.537222891273055,-0.2767857142857143,156.56565656565658,2
WI_1,FOODS_3_024,mean_28_days,1.5459183673469385,2.188866191452011,0.08928571428571427,174.89177489177484,4
WI_1,FOODS_3_024,last_value_naive,2.0982142857142856,3.2113081446662823,0.36607142857142855,237.37373737373736,1
WI_1,FOODS_3_025,mean_7_days,1.0803571428571428,1.3956016916128517,-0.20535714285714288,57.345971563981045,3
WI_1,FOODS_3_025,mean_28_days,1.114795918367347,1.4353633188648989,-0.32142857142857134,59.17400135409614,4
WI_1,FOODS_3_025,weekly_seasonal_naive,1.3303571428571428,1.765239765179628,-0.20535714285714285,70.61611374407583,2
WI_1,FOODS_3_025,last_value_naive,1.7767857142857142,2.102294664680205,0.36607142857142855,94.3127962085308,1
WI_1,FOODS_3_025,zero_forecast,1.8839285714285714,2.3394901764517595,-1.8839285714285714,100.0,0
WI_1,FOODS_3_026,mean_28_days,0.9241071428571429,1.1230141202521517,0.03571428571428564,68.54304635761589,4
WI_1,FOODS_3_026,mean_7_days,0.9706632653061222,1.1828925115485138,0.2946428571428571,71.99621570482496,3
WI_1,FOODS_3_026,weekly_seasonal_naive,1.1517857142857142,1.4110533046527436,0.29464285714285715,85.43046357615894,2
WI_1,FOODS_3_026,last_value_naive,1.3125,1.5726456325931426,0.4017857142857143,97.35099337748345,1
WI_1,FOODS_3_026,zero_forecast,1.3482142857142858,1.7550946250436592,-1.3482142857142858,100.0,0
WI_1,FOODS_3_027,zero_forecast,0.6339285714285714,1.0978875820670997,-0.6339285714285714,100.0,0
WI_1,FOODS_3_027,mean_7_days,0.8431122448979593,1.0430772761793026,0.08035714285714282,132.99798792756542,3
WI_1,FOODS_3_027,mean_28_days,0.8756377551020408,1.0528144980702625,0.1875,138.1287726358149,4
WI_1,FOODS_3_027,last_value_naive,0.8839285714285714,1.1611263005006327,0.6160714285714286,139.43661971830986,1
WI_1,FOODS_3_027,weekly_seasonal_naive,0.9196428571428571,1.346291201783626,0.08035714285714286,145.07042253521126,2
WI_1,FOODS_3_028,mean_7_days,0.7487244897959184,0.9800301952865889,-0.20535714285714293,92.15070643642072,3
WI_1,FOODS_3_028,mean_28_days,0.7608418367346939,0.9576491198422802,-0.008928571428571381,93.64207221350078,4
WI_1,FOODS_3_028,last_value_naive,0.8125,1.0479571965086578,-0.0625,100.0,1
WI_1,FOODS_3_028,zero_forecast,0.8125,1.25,-0.8125,100.0,0
WI_1,FOODS_3_028,weekly_seasonal_naive,0.8303571428571429,1.1764049351429002,-0.20535714285714285,102.19780219780219,2
WI_1,FOODS_3_029,mean_28_days,1.6792091836734693,2.230141960339141,-0.7678571428571429,74.92885600455321,4
WI_1,FOODS_3_029,mean_7_days,1.7563775510204083,2.3312977029096555,-0.5982142857142857,78.37222538417757,3
WI_1,FOODS_3_029,weekly_seasonal_naive,1.9375,2.537222891273055,-0.5982142857142857,86.45418326693228,2
WI_1,FOODS_3_029,last_value_naive,2.2410714285714284,2.839454172900137,0.008928571428571428,100.0,1
WI_1,FOODS_3_029,zero_forecast,2.2410714285714284,3.013363095091121,-2.2410714285714284,100.0,0
WI_1,FOODS_3_030,mean_7_days,3.5905612244897958,4.70195899252077,-1.9732142857142858,58.70698644421272,3
WI_1,FOODS_3_030,mean_28_days,3.5956632653061225,4.626344261346079,-1.6160714285714286,58.79040667361836,4
WI_1,FOODS_3_030,weekly_seasonal_naive,3.7232142857142856,4.80606016251506,-1.9732142857142858,60.87591240875913,2
WI_1,FOODS_3_030,last_value_naive,4.473214285714286,5.602136072198584,0.8839285714285714,73.13868613138686,1
WI_1,FOODS_3_030,zero_forecast,6.116071428571429,7.324737928027576,-6.116071428571429,100.0,0
WI_1,FOODS_3_031,mean_7_days,0.9272959183673469,1.325283951091391,-0.15178571428571438,66.15104640582348,3
WI_1,FOODS_3_031,mean_28_days,0.9598214285714286,1.3480664535790905,-0.14285714285714293,68.47133757961782,4
WI_1,FOODS_3_031,weekly_seasonal_naive,1.2946428571428572,1.8732134345633367,-0.15178571428571427,92.35668789808918,2
WI_1,FOODS_3_031,last_value_naive,1.3660714285714286,1.9571298226886082,0.09821428571428571,97.45222929936305,1
WI_1,FOODS_3_031,zero_forecast,1.4017857142857142,1.924930425458838,-1.4017857142857142,100.0,0
WI_1,FOODS_3_032,mean_28_days,0.985969387755102,1.2116568181205267,-0.1875,81.7989417989418,4
WI_1,FOODS_3_032,mean_7_days,1.0089285714285714,1.2242240357859009,-0.026785714285714284,83.7037037037037,3
WI_1,FOODS_3_032,weekly_seasonal_naive,1.1339285714285714,1.526550733797322,-0.026785714285714284,94.07407407407408,2
WI_1,FOODS_3_032,zero_forecast,1.2053571428571428,1.6717185340669216,-1.2053571428571428,100.0,0
WI_1,FOODS_3_032,last_value_naive,2.205357142857143,2.637301109630287,2.044642857142857,182.96296296296296,1
WI_1,FOODS_3_033,zero_forecast,0.5178571428571429,1.026436275942851,-0.5178571428571429,100.0,0
WI_1,FOODS_3_033,weekly_seasonal_naive,0.6071428571428571,1.1019463300386794,-0.125,117.24137931034481,2
WI_1,FOODS_3_033,mean_7_days,0.6198979591836735,0.9299440404493955,-0.12500000000000003,119.70443349753694,3
WI_1,FOODS_3_033,mean_28_days,0.6396683673469388,0.9100137361600648,-0.11607142857142859,123.52216748768473,4
WI_1,FOODS_3_033,last_value_naive,0.8928571428571429,1.267731382092775,0.23214285714285715,172.41379310344826,1
WI_1,FOODS_3_034,zero_forecast,0.6160714285714286,1.013304354222222,-0.6160714285714286,100.0,0
WI_1,FOODS_3_034,mean_28_days,0.6715561224489796,0.8200687502289309,0.0714285714285714,109.00621118012421,4
WI_1,FOODS_3_034,mean_7_days,0.6823979591836734,0.8770020827006197,-0.1875,110.76604554865423,3
WI_1,FOODS_3_034,weekly_seasonal_naive,0.7946428571428571,1.1299494299683124,-0.1875,128.9855072463768,2
WI_1,FOODS_3_034,last_value_naive,1.1696428571428572,1.4607972383012544,0.38392857142857145,189.85507246376812,1
WI_1,FOODS_3_035,mean_7_days,0.8341836734693876,1.1123151073141027,-0.16071428571428578,99.39209726443767,3
WI_1,FOODS_3_035,zero_forecast,0.8392857142857143,1.3627702877384937,-0.8392857142857143,100.0,0
WI_1,FOODS_3_035,mean_28_days,0.8743622448979592,1.097306535409801,0.17857142857142858,104.17933130699089,4
WI_1,FOODS_3_035,last_value_naive,1.0,1.4142135623730951,-0.3392857142857143,119.14893617021276,1
WI_1,FOODS_3_035,weekly_seasonal_naive,1.0535714285714286,1.407885953173359,-0.16071428571428573,125.53191489361701,2
WI_1,FOODS_3_036,zero_forecast,0.5535714285714286,0.9161253813129043,-0.5535714285714286,100.0,0
WI_1,FOODS_3_036,mean_7_days,0.6122448979591837,0.7336656637205049,-0.01785714285714285,110.59907834101381,3
WI_1,FOODS_3_036,mean_28_days,0.6352040816326531,0.7399410483964523,0.008928571428571435,114.74654377880185,4
WI_1,FOODS_3_036,weekly_seasonal_naive,0.6428571428571429,0.9354143466934853,-0.017857142857142856,116.12903225806453,2
WI_1,FOODS_3_036,last_value_naive,0.7142857142857143,1.0606601717798212,-0.05357142857142857,129.03225806451613,1
WI_1,FOODS_3_037,last_value_naive,1.1428571428571428,2.1464256001881026,-0.6964285714285714,79.01234567901234,1
WI_1,FOODS_3_037,mean_7_days,1.1428571428571428,2.1464256001881026,-0.6964285714285714,79.01234567901234,3
WI_1,FOODS_3_037,mean_28_days,1.1543367346938778,2.1511002168325732,-0.669642857142857,79.80599647266315,4
WI_1,FOODS_3_037,weekly_seasonal_naive,1.4107142857142858,2.453132108724914,-0.6964285714285714,97.53086419753086,2
WI_1,FOODS_3_037,zero_forecast,1.4464285714285714,2.5248762345905194,-1.4464285714285714,100.0,0
WI_1,FOODS_3_038,mean_7_days,0.8163265306122448,1.0038192373253714,0.0714285714285714,87.9120879120879,3
WI_1,FOODS_3_038,mean_28_days,0.8290816326530612,1.0312403369986363,-0.026785714285714277,89.28571428571429,4
WI_1,FOODS_3_038,weekly_seasonal_naive,0.8571428571428571,1.14953406710222,0.07142857142857142,92.3076923076923,2
WI_1,FOODS_3_038,last_value_naive,0.8928571428571429,1.1100193048514324,0.32142857142857145,96.15384615384616,1
WI_1,FOODS_3_038,zero_forecast,0.9285714285714286,1.3758114488755873,-0.9285714285714286,100.0,0
WI_1,FOODS_3_039,mean_7_days,3.082908163265306,4.17276764221522,-0.7053571428571431,52.715376226826606,3
WI_1,FOODS_3_039,weekly_seasonal_naive,3.1517857142857144,4.287648373109503,-0.7053571428571429,53.89312977099237,2
WI_1,FOODS_3_039,mean_28_days,3.308673469387755,4.669019693464484,-1.7232142857142865,56.57579062159215,4
WI_1,FOODS_3_039,last_value_naive,3.7410714285714284,4.8907711924749515,0.4017857142857143,63.969465648854964,1
WI_1,FOODS_3_039,zero_forecast,5.848214285714286,7.3369174142044935,-5.848214285714286,100.0,0
WI_1,FOODS_3_040,mean_28_days,0.7589285714285714,1.503821662244807,-0.4375000000000001,87.62886597938144,4
WI_1,FOODS_3_040,last_value_naive,0.7589285714285714,1.5497695681247952,-0.6160714285714286,87.62886597938144,1
WI_1,FOODS_3_040,mean_7_days,0.8201530612244898,1.558796631628228,-0.22321428571428573,94.69808541973491,3
WI_1,FOODS_3_040,zero_forecast,0.8660714285714286,1.7397659941169428,-0.8660714285714286,100.0,0
WI_1,FOODS_3_040,weekly_seasonal_naive,0.9910714285714286,1.8492276379999455,-0.22321428571428573,114.43298969072164,2
WI_1,FOODS_3_041,mean_28_days,1.7423469387755104,2.3234880974034513,0.08035714285714299,74.76737821565409,4
WI_1,FOODS_3_041,mean_7_days,2.0089285714285716,2.5357142857142856,0.5624999999999997,86.20689655172413,3
WI_1,FOODS_3_041,weekly_seasonal_naive,2.330357142857143,3.177768759005961,0.5625,100.0,2
WI_1,FOODS_3_041,zero_forecast,2.330357142857143,3.258231334416178,-2.330357142857143,100.0,0
WI_1,FOODS_3_041,last_value_naive,3.0625,3.735686970673151,2.419642857142857,131.4176245210728,1
WI_1,FOODS_3_042,weekly_seasonal_naive,3.6875,4.538525562968031,-0.3482142857142857,29.605734767025087,2
WI_1,FOODS_3_042,mean_7_days,3.735969387755102,4.690279788007952,-0.34821428571428525,29.994879672299028,3
WI_1,FOODS_3_042,mean_28_days,3.8871173469387754,4.813054897773304,-0.035714285714285685,31.208397337429595,4
WI_1,FOODS_3_042,last_value_naive,5.0625,5.948439171028697,3.544642857142857,40.64516129032258,1
WI_1,FOODS_3_042,zero_forecast,12.455357142857142,13.289697943466264,-12.455357142857142,100.0,0
WI_1,FOODS_3_043,mean_7_days,0.41454081632653056,0.8578865821045938,-0.2767857142857143,84.4155844155844,3
WI_1,FOODS_3_043,mean_28_days,0.4502551020408162,0.8608550566567107,-0.2410714285714286,91.68831168831166,4
WI_1,FOODS_3_043,weekly_seasonal_naive,0.49107142857142855,0.958980113006968,-0.2767857142857143,100.0,2
WI_1,FOODS_3_043,zero_forecast,0.49107142857142855,1.013304354222222,-0.49107142857142855,100.0,0
WI_1,FOODS_3_043,last_value_naive,0.49107142857142855,1.013304354222222,-0.49107142857142855,100.0,1
WI_1,FOODS_3_044,mean_28_days,1.1549744897959184,1.509219118265726,-0.18749999999999994,62.190934065934066,4
WI_1,FOODS_3_044,mean_7_days,1.1887755102040816,1.5025488548544734,-0.10714285714285711,64.01098901098901,3
WI_1,FOODS_3_044,weekly_seasonal_naive,1.375,1.807721533549109,-0.10714285714285714,74.03846153846155,2
WI_1,FOODS_3_044,last_value_naive,1.6607142857142858,2.004459314343183,1.1428571428571428,89.42307692307693,1
WI_1,FOODS_3_044,zero_forecast,1.8571428571428572,2.3641670233479095,-1.8571428571428572,100.0,0
WI_1,FOODS_3_045,zero_forecast,0.6071428571428571,1.0773645092141684,-0.6071428571428571,100.0,0
WI_1,FOODS_3_045,last_value_naive,0.6071428571428571,1.0773645092141684,-0.6071428571428571,100.0,1
WI_1,FOODS_3_045,mean_7_days,0.6785714285714285,0.9161253813129043,-0.03571428571428579,111.76470588235293,3
WI_1,FOODS_3_045,mean_28_days,0.6862244897959184,0.9015646829545957,-0.1160714285714286,113.02521008403362,4
WI_1,FOODS_3_045,weekly_seasonal_naive,0.8571428571428571,1.2955969390869324,-0.03571428571428571,141.1764705882353,2
WI_1,FOODS_3_046,mean_28_days,1.1103316326530612,1.5098528445662835,-0.03571428571428568,97.91901012373454,4
WI_1,FOODS_3_046,zero_forecast,1.1339285714285714,1.8540496217739157,-1.1339285714285714,100.0,0
WI_1,FOODS_3_046,mean_7_days,1.1823979591836735,1.6150598649421446,-0.09821428571428574,104.27446569178854,3
WI_1,FOODS_3_046,last_value_naive,1.2053571428571428,1.6876653358158085,0.11607142857142858,106.29921259842521,1
WI_1,FOODS_3_046,weekly_seasonal_naive,1.2767857142857142,1.863656160807107,-0.09821428571428571,112.5984251968504,2
WI_1,FOODS_3_047,mean_28_days,1.3584183673469388,1.7394910409751045,-0.1696428571428572,75.31824611032532,4
WI_1,FOODS_3_047,mean_7_days,1.538265306122449,1.9285714285714286,-0.05357142857142859,85.28995756718528,3
WI_1,FOODS_3_047,weekly_seasonal_naive,1.6785714285714286,2.29906813420444,-0.05357142857142857,93.06930693069307,2
WI_1,FOODS_3_047,zero_forecast,1.8035714285714286,2.453132108724914,-1.8035714285714286,100.0,0
WI_1,FOODS_3_047,last_value_naive,2.107142857142857,2.5071326821120348,0.6964285714285714,116.83168316831683,1
WI_1,FOODS_3_048,mean_28_days,1.7295918367346939,2.7938297539180073,-0.9375,72.01274561869357,4
WI_1,FOODS_3_048,mean_7_days,1.8380102040816326,2.7923455870559826,-0.7589285714285714,76.52681890600105,3
WI_1,FOODS_3_048,weekly_seasonal_naive,2.1339285714285716,3.1381864644590967,-0.7589285714285714,88.84758364312268,2
WI_1,FOODS_3_048,zero_forecast,2.4017857142857144,3.726114406647838,-2.4017857142857144,100.0,0
WI_1,FOODS_3_048,last_value_naive,3.1517857142857144,4.585497324640558,1.5982142857142858,131.2267657992565,1
WI_1,FOODS_3_049,zero_forecast,0.4017857142857143,0.7379992257061365,-0.4017857142857143,100.0,0
WI_1,FOODS_3_049,last_value_naive,0.4732142857142857,0.773443136703847,-0.15178571428571427,117.77777777777779,1
WI_1,FOODS_3_049,weekly_seasonal_naive,0.4732142857142857,0.7849021777084254,-0.11607142857142858,117.77777777777779,2
WI_1,FOODS_3_049,mean_7_days,0.4961734693877551,0.6338656910463875,-0.11607142857142862,123.4920634920635,3
WI_1,FOODS_3_049,mean_28_days,0.5401785714285714,0.6203911702157218,7.93016446160826e-18,134.44444444444446,4
WI_1,FOODS_3_050,zero_forecast,0.26785714285714285,0.7440238091428449,-0.26785714285714285,100.0,0
WI_1,FOODS_3_050,mean_7_days,0.3826530612244897,0.7124977622592857,-0.08928571428571423,142.8571428571428,3
WI_1,FOODS_3_050,weekly_seasonal_naive,0.4107142857142857,0.8660254037844386,-0.08928571428571429,153.33333333333334,2
WI_1,FOODS_3_050,mean_28_days,0.4674744897959184,0.6971150462836834,0.05357142857142855,174.52380952380955,4
WI_1,FOODS_3_050,last_value_naive,0.7321428571428571,1.1338934190276817,0.48214285714285715,273.3333333333333,1
